Title,Rating,Genre,Cast
No Way Up,56.98,"['Action', 'Horror', 'Thriller']","['Sophie McIntosh', 'Will Attenborough', 'Jeremias Amoore', 'Manuel Pacific', 'Grace Nettle', 'Phyllis Logan', 'Colm Meaney', 'James Carroll Jordan', 'David J Biscoe', 'David Samartin', 'Scott Coker', 'Lee Byford']"
Land of Bad,70.73,"['Action', 'Thriller', 'War']","['Liam Hemsworth', 'Russell Crowe', 'Luke Hemsworth', 'Ricky Whittle', 'Milo Ventimiglia', 'Chika Ikogwe', 'Daniel MacPherson', 'Robert Rabiah', 'Jack Finsterer', 'Chris Masters Mah', 'Lincoln Lewis', 'Lachlan Engeler', 'Miguel Usares', 'Timothy Latimer', 'Michael Joaquin', 'Joey Vieira', 'Gunner Wright', 'Eric Zivic', 'Manix Butterfield', 'Jaylen Hill-Suadnyana', 'Anna Loren', 'Macca Adamson', 'Matt Seutin', 'Rhonda Hargrave', 'George Burgess', 'William Eubank', 'Jeanda St James', 'Charles Allen', 'Francisco Sagad', 'Patricia Violan']"
Anyone But You,69,"['Comedy', 'Romance']","['Sydney Sweeney', 'Glen Powell', 'Alexandra Shipp', 'Michelle Hurd', 'Bryan Brown', 'Darren Barnet', 'Hadley Robinson', 'Dermot Mulroney', 'Rachel Griffiths', 'GaTa', 'Mia Artemis', 'Nat Buchanan', 'Josh Bonello', 'Deborah Faye Lee', 'Lance Kerfuffle', 'Taryn Gluck', 'Alexandra Gluck', 'Summer Tian', 'Dan Liu', 'Davina Chan Gallagher', 'Charlee Fraser', 'Joe Davidson', 'Mariama Whitton', 'Ryan Panizza', 'Talayna Moana Nikora', 'Beau Karolos', 'Ben Heber']"
Migration,76.25,"['Animation', 'Action', 'Adventure', 'Comedy', 'Family']","['Kumail Nanjiani', 'Elizabeth Banks', 'Caspar Jennings', 'Tresi Gazal', 'Awkwafina', 'Carol Kane', 'Keegan-Michael Key', 'Danny DeVito', 'David Mitchell', 'Isabela Merced', 'Carlos Alazraqui', 'Brock Baker', 'Gregg Berger', 'Steve Blum', 'Kimberly Brooks', 'Rodger Bumpass', 'Corey Burton', 'Sean Chiplock', 'Amber Lee Connors', 'Ian James Corlett', 'David Cowgill', 'Robin Atkin Downes', 'David Errigo Jr.', 'Bill Farmer', 'Dave Fennoy', 'Keith Ferguson', 'Erin Fitzgerald', 'Grant George', 'David Kaye', 'Danny Mann', 'Zeno Robinson', 'Tara Sands', 'Veronica Taylor', 'Matthew Wood']"
Skal - Fight for Survival,53.55,"['Action', 'Horror', 'Comedy', 'Thriller']","['Evan Marsh', 'Chris Sandiford', 'Mariah Inger', 'Darren Eisenhauer', 'Olivia Scriven', 'Trevor Hayes']"
Lights Out,69,"['Action', 'Thriller']","['Frank Grillo', 'Mekhi Phifer', 'Scott Adkins', 'Dermot Mulroney', 'Jaime King', 'Kevin Gage', 'Amaury Nolasco', 'Jessica Medina', 'JuJu Chan', 'Erica Peeples', 'Donald Cerrone', 'Paul Sloan', 'Mary Christina Brown', 'Justin Furstenfeld', 'Jailyn Rae', 'Robert Laenen', 'Anthony C Garcia', 'Pino Martinez', 'Ibrahim Shahoot', 'Moudi Gameel', 'Bryan McGowan', 'Tyler Wombles', 'Del Eswar']"
Dune: Part Two,84.79,"['Science Fiction', 'Adventure']","['Timothée Chalamet', 'Zendaya', 'Rebecca Ferguson', 'Josh Brolin', 'Austin Butler', 'Florence Pugh', 'Dave Bautista', 'Christopher Walken', 'Léa Seydoux', 'Stellan Skarsgård', 'Charlotte Rampling', 'Javier Bardem', 'Molly Mcowan', 'Rex Adams', 'Ana Cilas', 'Rand Faris', 'Laura Mizere', 'Cecile Sinclair', 'Tracy Coogan', 'Anton Saunders', 'Tony Cook', 'Alan Mehdizadeh', 'Souheila Yacoub', 'Sebastian Faure', 'Fouad Humaidan', 'Tim Hilborne', 'Italo Amerighi', 'Anya Taylor-Joy', 'Babs Olusanmokun', 'Roger Yuan', 'Alison Halstead', 'Giusi Merli', 'Kait Tenison', 'Tara Breathnach', 'Akiko Hitomi', 'Imola Gáspár', 'Alison Adnet', 'Hamza Baissa', 'Hassan Najib', 'Jasper Ryan-Carter', 'Omar Elbooz', 'Abdelkarim Hussein Seli Mohamed', 'Hassanin', 'Joseph Beddelem', 'Xavier Alba Royo', 'Rachid Abbad', 'Affif Ben Badra', 'Botond Bóta', 'Abdelaziz Boumane', 'Abdellah Echahbi', 'Zouhair Elakkari', 'Noureddine Hajoujou', 'Mohamed Mouraoui', 'Adil Achraf Sayd', 'Hamza Sayd', 'Hopi Grace', 'Havin Fathi', 'Kincsö Pethö', 'Cat Simmons', 'Burt Caesar', 'Remi Fadare', 'Amer El-Erwadi', 'Tedroy Newell', 'Oxa Hazel', 'Hajiyeva Pakiza', 'Leon Herbert', 'Sima Rostami', 'Yvonne Campbell', 'Joseph Charles', 'Vic Zander', 'Dylan Baldwin', 'Marcia Tucker', 'Nicola Brome', 'Kathy Owen', 'Huw Novelli', 'Moe Bar-El', 'Serhat Metin', 'Amra Mallassi', 'Adam Bloom', 'Luis Alkmim', 'Jordan Long', 'Omar A.K.', 'Zdeněk Dvořáček', 'Billy Clements', 'Lex Daniel', 'Dominic McHale', 'Paul Boyle', 'Niall White', 'Gábor Szemán', 'Jonathan Gunning', 'Will Irvine', 'Kajsa Mohammar', 'Sara Bacsfalvi', 'Kocsis Zsofia', 'Matthew Sim', 'Steve Wall', 'Zoe Kata Kaska', 'Jimmy Walker', 'Manaf Irani', 'Dora Kápolnai-Schvab', 'Joelle']"
Poor Things,81.01,"['Science Fiction', 'Romance', 'Comedy']","['Emma Stone', 'Mark Ruffalo', 'Willem Dafoe', 'Ramy Youssef', 'Jerrod Carmichael', 'Christopher Abbott', 'Margaret Qualley', 'Suzy Bemba', 'Kathryn Hunter', 'Hanna Schygulla', 'Vicki Pepperdine', 'Jack Barton', 'Charlie Hiscock', 'Attila Dobai', 'Emma Hindle', 'Anders Grundberg', 'Attila Kecskeméthy', 'Jucimar Barbosa', 'Carminho', 'Angela Paula Stander', 'Gustavo Gomes', 'Kate Handford', 'Owen Good', 'Zen Joshua Poisson', 'Vivienne Soan', 'Jerskin Fendrix', 'István Göz', 'Bruna Asdorian', 'Tamás Szabó Sipos', 'Tom Stourton', 'Mascuud Dahir', 'Miles Jovian', 'Jeremy Wheeler', 'János Geréb', 'Patrick de Valette', 'Raphaël Thiéry', 'Boris Gillot', 'Dorina Kovács', 'Yorgos Stefanakos', 'Hubert Benhamdine', 'Gábor Patay', 'Laurent Winkler', 'Andrew Hefler', 'Damien Bonnard', 'Noah Breton', 'Donovan Fouassier', 'Roderick Hill', 'Wayne Brett', 'John Locke', 'Keeley Forsyth', 'David Bromley']"
Wonka,72,"['Comedy', 'Family', 'Fantasy']","['Timothée Chalamet', 'Calah Lane', 'Keegan-Michael Key', 'Hugh Grant', 'Paterson Joseph', 'Olivia Colman', 'Tom Davis', 'Jim Carter', 'Rowan Atkinson', 'Matt Lucas', 'Mathew Baynton', 'Natasha Rothwell', 'Rakhee Thakrar', 'Rich Fulcher', 'Kobna Holdbrook-Smith', 'Simon Farnaby', 'Ellie White', 'Sally Hawkins', ""Colin O'Brien"", 'Freya Parker', 'Murray McArthur', 'Charlotte Ritchie', 'Phil Wang', 'Rufus Jones', 'Isy Suttie', 'Ian Bartholomew', 'Sophie Winkleman', 'Justin Edwards', 'Michael Abubakar', 'Tim Fitzhigham', 'Jane Bertish', 'Tracy Ifeachor', 'Dominic Coleman', 'Muzz Khan', 'Ben Howard', 'Alison Pargeter', 'Bleu Woodward', 'Paul G. Raymond', 'Lola Shepelev', 'Marina Bye', 'Robyn Rose', ""Millie O'Donnell"", 'Susie Fairfax', 'Macie Blake', 'Ellie Blake', 'Matilda Tucker', 'Bertie Caplan', 'Gustave Die', 'Luan Gallagher']"
Miller's Girl,65.7,"['Drama', 'Thriller']","['Martin Freeman', 'Jenna Ortega', 'Bashir Salahuddin', 'Gideon Adlon', 'Dagmara Domińczyk', 'Christine Adams', 'Augustine Hargrave', 'Elyssa Samsel']"
The Marvels,62.59,"['Science Fiction', 'Adventure', 'Action']","['Brie Larson', 'Teyonah Parris', 'Iman Vellani', 'Zawe Ashton', 'Samuel L. Jackson', 'Gary Lewis', 'Park Seo-jun', 'Zenobia Shroff', 'Mohan Kapur', 'Saagar Shaikh', 'Leila Farzad', 'Abraham Popoola', 'Lashana Lynch', 'Tessa Thompson', 'Daniel Ings', 'Alex Hughes', 'Shardiah Ssagala', 'Cecily Cleeve', 'Remi Dabiri-McQuaid', 'Ffion Jolly', 'Kennedy McCallum-Martin', 'Savannah Skinner-Henry', 'Rachel John', 'Daniel Monteiro', 'Kya Garwood', 'Fikayo Ifarajimi', 'Shereen Walker', 'Hansen Burton', 'Hailee Steinfeld', 'Kelsey Grammer', 'Akira Akbar', 'Jude Law', 'Annette Bening']"
Dune,77.87,"['Science Fiction', 'Adventure']","['Timothée Chalamet', 'Rebecca Ferguson', 'Oscar Isaac', 'Josh Brolin', 'Stellan Skarsgård', 'Dave Bautista', 'Sharon Duncan-Brewster', 'Stephen McKinley Henderson', 'Zendaya', 'Chang Chen', 'Charlotte Rampling', 'Jason Momoa', 'Javier Bardem', 'David Dastmalchian', 'Babs Olusanmokun', 'Golda Rosheuvel', 'Roger Yuan', 'Benjamin Clémentine', 'Souad Faress', 'Seun Shote', 'Neil Bell', 'Oliver Ryan', 'Stephen Collins', 'Charlie Rawes', 'Richard Carter', 'Benjamin Dilloway', 'Elmi Rashid Elmi', 'Tachia Newall', 'Gloria Obianyo', 'Fehinti Balogun', 'Dora Kápolnai-Schvab', 'Joelle', 'Jimmy Walker', 'Paul Bullion', 'Milena Sidorova', 'János Timkó', 'Jean Gilpin', 'Marianne Faithfull', 'Ellen Dubin']"
Through My Window 3: Looking at You,66.51,"['Romance', 'Drama', 'Comedy']","['Clara Galle', 'Julio Peña', 'Natalia Azahara', 'Eric Masip', 'Andrea Chaparro', 'Emilia Lazo', 'Ivan Lapadula', 'Hugo Arbues', 'Pilar Castro', 'Rachel Lascar', 'Abel Folk', 'Omar Chaparro']"
The Adventures,40,"['Romance', 'Comedy', 'Adventure']","['Sunny Suwanmethanon', 'Matcha Mosimann', 'Somchai Kemglad', 'Pongsatorn Jongwilas', 'Jarnnawut Jarnyaharn', 'Peerada Kointarangkul', 'Yunhe Li', 'Li Zhenyu']"
Badland Hunters,67,"['Science Fiction', 'Action', 'Drama']","['Ma Dong-seok', 'Lee Hee-jun', 'Lee Jun-young', 'Roh Jeong-eui', 'Ahn Ji-hye', 'Park Ji-hoon', 'Jang Young-nam', 'Park Hyo-joon', 'Seong Byeong-suk', 'Jung Young-ju', 'Lee Han-joo', 'Park Sang-hoon', 'Ahn Seong-bong', 'Jeong Gi-seop', 'Kim Young-sun', 'Sin Sin-beom', 'Hong Yi-joo']"
Trunk - Locked In,58.17,"['Thriller', 'Action', 'Drama']","['Sina Martens', 'Artjom Gilz', 'Luise Helm', 'Poal Cairo', 'Charles Rettinghaus', 'Janina Sachau']"
Wish,66.23,"['Animation', 'Family', 'Fantasy', 'Adventure']","['Ariana DeBose', 'Chris Pine', 'Alan Tudyk', 'Angelique Cabral', 'Victor Garber', 'Natasha Rothwell', 'Jennifer Kumiyama', 'Harvey Guillén', 'Niko Vargas', 'Evan Peters', 'Ramy Youssef', 'Jon Rudnitsky', 'Della Saba', 'Keone Young', 'Lucas Sigler', 'Holland Watkins', 'Woody Buck', 'Efé', 'Nicole Lynn Evans', 'Heather Matarazzo', 'Nasim Pedrad', 'Abraham Sigler', 'Yvette Nicole Brown', 'James Monroe Iglehart']"
Aquaman and the Lost Kingdom,69,"['Action', 'Adventure', 'Fantasy']","['Jason Momoa', 'Patrick Wilson', 'Yahya Abdul-Mateen II', 'Randall Park', 'Amber Heard', 'Nicole Kidman', 'Dolph Lundgren', 'Temuera Morrison', 'Indya Moore', 'Pilou Asbæk', 'Jani Zhao', 'Vincent Regan', 'Martin Short', 'John Rhys-Davies', 'Natalia Safran', 'Samuel Gosrani', 'Jay Rincon', 'Sohm Kapila', 'Ricardo Molina', 'Ingrid Bisu', 'Grant Huggair', 'Osian Roberts', 'Jonny Vaughton', 'Jay McDonald', 'Jonathan Bremner', 'Jack Waldouck', 'Tyler Burger', 'Maddox Cruz-Porter', 'River Ao Moemoeā Green', 'Nikau Keats Green', 'Bodhi McCabe', 'Elliot Oben-Perpa', 'Lucian Oben-Perpa', 'Arthur Rowe-Mayer', 'Noah Rowe-Mayer', 'Julie Chang', 'Mark Kwak', 'Dylan Silver', 'Jon Birkbeck', 'Michael Beach']"
Dad or Mom,73.68,['Comedy'],"['Mauricio Ochmann', 'Silvia Navarro', 'Axel Madrazo', 'Aranda Sokol', 'Erick Terroba García', 'Mauricio “El Diablito” Barrientos', 'Veronica Toussaint', 'Bárbara López', 'Armando Hernández', 'Nora Velázquez', 'Juan Ríos', 'Christian Chávez', 'Ari Gallegos', 'Gisselle Kuri', 'Patricio José']"
Mean Girls,65,['Comedy'],"['Angourie Rice', 'Reneé Rapp', ""Auli'i Cravalho"", 'Jaquel Spivey', 'Avantika', 'Bebe Wood', 'Christopher Briney', 'Jenna Fischer', 'Busy Philipps', 'Tina Fey', 'Tim Meadows', 'Lindsay Lohan', 'Jon Hamm', 'Ashley Park', 'Connor Ratliff', 'Mahi Alam', 'John El-Jor', 'Brian Altemus', 'Megan Thee Stallion', 'Ben Wang', 'Alexis Frias', 'Isabella Bria Lopez', 'Morgen McKynzie', 'Veronica S. Taylor', 'Stephanie Mincone', 'Gabriella Cila', 'Jordan Gallimore', 'Ari Notartomaso', 'Camille Umoff', 'Kaylee Kaleinani', 'Allison Winn', 'Ben Heineman', 'Fernell Hogan', 'Calidore Robinson', 'Sofia Dobrushin', 'Grant Harrison Mateo', 'Amann Iqbal', 'Nahscha', 'Gage Roark', 'Soona Lee-Tolley', 'Janna Graham', 'Matilde Heckler', 'Francesca Castro', 'Nuri Park', 'Grace Slear', 'Izzy Bank', 'Kayla LaVine', 'James Jones', 'Garid Garcia', 'Jake Schwencke', 'Ellena Eshraghi', 'Kelsie Daniels', 'Elizabeth Witek', 'Alexandra Witek', 'Brooke Johnson', 'Meredith Dunbar', 'Hank Pekarsky', 'Sri', 'Veronica Merrell-Burriss', 'Vanessa Merrell', 'Jordi', 'Énola Bédard', 'Nia Sioux', 'Emely Moreno', 'Jazz Jennings', 'Pierson Wodzynski', 'Mars Avila', 'Alan Chow', 'Chris Olsen', 'Bailey B. Angelski', 'Joshua M. Baer', 'Caitlin M. Beecham', 'Samantha R. Borsari', 'Briannon E. Bowman', 'Ian A. Boyce', 'Daniela Cassano', 'Danielle K. Catalano', 'Ismael Chino', 'Gianna M. Cologna', 'Jason L. DeGroff', 'Kaylin E. DeGroff', 'Joshua P. Doody', 'Christiana J. Doyle', 'Calysta R. Eachus', 'Kasey L. Ericson', 'Timothy S. Fletcher', 'Orlando A. Galazara', 'Cameron T. Garde', 'Sean G. Haight', 'Ryan J. Horgan', 'Teresa Kissel', 'Christopher J. Lucey', 'Megan A. Macneil', 'Malachi I. McLean', 'Colin J. McTernan', 'Julien F. Miller', 'Lauren M. Molfetta', 'Meryem G. Oldro', 'Connor D. Paul', 'Victoria G. Russo', 'Olivia C. Tona', 'Anthony M. Varbaro', 'Nico A. Varone', 'Thomas R. Wilson', 'Eric Patrick Cameron']"
The Beekeeper,73.99,"['Action', 'Thriller', 'Drama']","['Jason Statham', 'Emmy Raver-Lampman', 'Bobby Naderi', 'Josh Hutcherson', 'Jeremy Irons', 'Taylor James', 'Phylicia Rashād', 'Jemma Redgrave', 'Minnie Driver', 'Sophia Feliciano', 'Enzo Cilenti', 'Dan Li', 'Reza Diako', 'Adam Basil', 'David Witts', 'Michael Epp', 'Don Gilet', 'Megan Le', 'Georgia Goodman', 'Derek Siow', 'Jay Rincon', 'Kojo Attah', 'Joe Urquhart', 'Peter Brooke', 'Martin Gordon', 'Rebecca Hazlewood', 'Arian Nik', 'Millen Brown', 'Reza Diako', 'Adam Basil', 'Harry Fitzgerald', 'Pedro Minas', 'Sunny Dhillon', 'Rocci Williams', 'Kevin Golding', 'Víctor Pérez', 'Baba Oyejide', 'Bharat Mistri', 'Olivia Mardon', 'Valentina Novakovic', 'Kojo Quainoo', 'Jessica Maria Gilhooley', 'Phil Hodges']"
Oppenheimer,81.16,"['Drama', 'History']","['Cillian Murphy', 'Emily Blunt', 'Matt Damon', 'Robert Downey Jr.', 'Florence Pugh', 'Josh Hartnett', 'Casey Affleck', 'Rami Malek', 'Kenneth Branagh', 'Benny Safdie', 'Jason Clarke', 'Dylan Arnold', 'Tom Conti', ""James D'Arcy"", 'David Dastmalchian', 'Dane DeHaan', 'Alden Ehrenreich', 'Tony Goldwyn', 'Jefferson Hall', 'David Krumholtz', 'Matthew Modine', 'Scott Grimes', 'Kurt Koehler', 'John Gowans', 'Macon Blair', 'Harry Groener', 'Gregory Jbara', 'Ted King', 'Tim DeKay', 'Steven Houska', 'Petrie Willink', 'Matthias Schweighöfer', 'Alex Wolff', 'Josh Zuckerman', 'Rory Keane', 'Michael Angarano', 'Emma Dumont', 'Sadie Stratton', 'Britt Kyle', 'Guy Burnet', 'Tom Jenkins', 'Louise Lombard', 'Michael Andrew Baker', 'Jeff Hephner', 'Olli Haaskivi', 'David Rysdahl', 'Josh Peck', 'Jack Quaid', 'Brett DelBuono', 'Gustaf Skarsgård', 'James Urbaniak', 'Trond Fausa Aurvåg', 'Devon Bostick', 'Danny Deferrari', 'Christopher Denham', 'Jessica Erin Martin', 'Ronald Auguste', 'Máté Haumann', 'Olivia Thirlby', 'Jack Cutmore-Scott', 'Harrison Gilbertson', 'James Remar', 'Will Roberts', 'Pat Skipper', 'Steve Coulter', 'Jeremy John Wells', 'Sean Avery', 'Adam Kroeger', 'Drew Kenney', 'Bryce Johnson', 'Flora Nolan', 'Kerry Westcott', 'Christina Hogue', 'Clay Bunker', 'Tyler Beardsley', 'Maria Teresa Zuppetta', 'Kate French', 'Gary Oldman', 'Hap Lawrence', 'Meg Schimelpfenig', 'Matt Snead', 'Troy Bronson', 'Andrew Bursiaga']"
Orion and the Dark,66.91,"['Animation', 'Family', 'Comedy', 'Fantasy']","['Jacob Tremblay', 'Paul Walter Hauser', 'Angela Bassett', 'Colin Hanks', 'Natasia Demetriou', 'Golda Rosheuvel', 'Nat Faxon', 'Aparna Nancherla', 'Ike Barinholtz', 'Carla Gugino', 'Matt Dellapina', 'Nick Kishiyama', 'Mia Akemi Brown', 'Shannon Chan-Kent', 'Jack Fisher', 'Werner Herzog', 'Sky Alexis', 'Hira Ambrosino', 'Yoshi Ando', 'Larisa Asuaje', 'Sean Charmatz', 'Walt Dohrn', 'Ren Hanami', 'Amy Hill', 'Alyssa Lee', 'Noah McCown', 'Shino Nakamichi', 'Aliki Theofilopoulos', 'Toru Uchikado']"
Sixty Minutes,68.08,"['Action', 'Drama']","['Emilio Sakraya', 'Dennis Mojen', 'Marie Mouroum', 'Florian Schmidtke', 'Paul Wollin', 'Aristo Luis', 'Morik Heydo', 'Alain Blazevic', 'Harry Szovik', 'Árpád Antolik', 'Ludger Bökelmann', 'Philipp Droste', 'Szabolcs Kelemen', 'Livia Matthes', 'Balázs Megyeri']"
Due Justice,65.58,"['Crime', 'Thriller', 'Action']","['Kellan Lutz', 'William Forsythe', 'Jeff Fahey', 'Efren Ramirez', 'Manu Intiraymi', 'Niko Foster', 'Tonantzin Esparza']"
Madame Web,54,"['Fantasy', 'Action', 'Science Fiction']","['Dakota Johnson', 'Sydney Sweeney', 'Isabela Merced', ""Celeste O'Connor"", 'Tahar Rahim', 'Kerry Bishé', 'Adam Scott', 'Emma Roberts', 'Mike Epps', 'Zosia Mamet', 'José María Yázpik', 'Josh Drennen', 'Kathy-Ann Hart', 'Yuma Feldman', 'Jill Hennessy', 'Rosemary Crimp', 'Naheem Garcia', 'Jennifer Ellis', 'Kris Sidberry', 'Erica Souza', 'Dominique Washington', 'Shawnna Thibodeau', 'Gopal Lalwani', 'Michael Malvesti', 'Rena Maliszewski', 'Miranda Adekoje', 'Deirdre McCourt', 'Brian Faherty', 'Shaun Bedgood', 'Mike Bash', 'Cilda Shaur']"
Napoleon,65.07,"['Drama', 'History', 'War']","['Joaquin Phoenix', 'Vanessa Kirby', 'Tahar Rahim', 'Rupert Everett', 'Mark Bonnar', 'Paul Rhys', 'Ben Miles', 'Riana Duce', 'Ludivine Sagnier', 'Edouard Philipponnat', 'Miles Jupp', 'Scott Handy', 'Youssef Kerkour', 'John Hollingworth', 'Abubakar Salim', 'Thom Ashley', 'Jannis Niewöhner', 'Julian Rhind-Tutt', 'John Hodgkinson', 'Erin Ainsworth', 'Isabella Brownson', 'Benjamin Chivers', 'Sam Meakin', 'Sinéad Cusack', 'Harriet Bunton', 'Charlie Greenwood', 'Audrey Brisson-Jutras', 'Matthew Needham', 'Sam Crane', 'Sam Troughton', 'Edward Bennett', 'Julian Wadham', 'Catherine Walker', 'Honor Kneafsey', 'Alexander Shaw', 'Phil Cornwell', 'Harry Taurasi', 'Edward Mercieca', 'Arthur McBain', 'Andy Burse', 'Jonathan Rice', 'Emeric Bernard-Jones', 'Bay Bryan', 'Michael Twaits', ""Michael O'Connor"", 'Dominic Coleman', 'Ian McNeice', 'Richard McCabe', 'Tom Godwin', 'Gavin Spokes', 'Catherine Harvey', 'David Verrey', 'Benedict Martin', 'Edward Hogg', 'Ed Hughes', 'Jonathan Barnwell', 'Robin Soans', 'Abigail Weinstock', 'Bart Lambert', 'Joshua Leese', 'Nicholas Shaw', 'Anna Mawn', 'Imogen Slaughter', 'Mitchell Baggott', 'Ned Costello', 'John Mula', 'Kevin Eldon', 'Henry Morgan', 'Logan Truter', 'Saxon Fox', 'Richard Leeming', 'Billy Byers', 'Tim Faulkner', 'Peter Sandys-Clarke', 'Tim Delap', 'Charlie Barrett', 'Olivia Juno Cleverley', 'Sophie Wohlfeld', 'Cormac Hyde-Corrin', 'Hal Gavin', 'Michael Nardone', 'Chris Barltrop', 'Robert Goodman', 'Sophie Lund', 'Oliver Phillips', 'Morgan Watkins', 'Hannah Flynn', 'Ed Eales White', 'Jacob Marshfield']"
Through My Window: Across the Sea,65.14,"['Romance', 'Drama', 'Comedy']","['Clara Galle', 'Julio Peña', 'Guillermo Lasheras', 'Natalia Azahara', 'Hugo Arbues', 'Eric Masip', 'Andrea Chaparro', 'Emilia Lazo', 'Ivan Lapadula', 'Carla Tous', 'Rachel Lascar', 'Abel Folk', 'Lucy Chaparro', 'Pilar Castro', 'Laurent Meri', 'Nau Sache', 'Jaskaran Brady', 'Gloria Sirvent', 'Òscar Kapoya', 'Clara Sans', 'Enric Ases', 'Mayca Hernández', 'Maria Gibert', 'Xiaoan Ji']"
Haunting on Fraternity Row,52.68,"['Horror', 'Mystery', 'Thriller']","['Jacob Artist', 'Jayson Blair', 'Molly Tarlov', 'Shanley Caswell', 'Claudia Lee', 'Ashton Moio', 'Cameron Moulène', 'Chester Rushing', 'Breon Pugh', 'Ashton Leigh', 'Eduardo Losan', 'Stephanie Honoré', 'Melissa Saint-Amand', 'Abbie Gayle', 'Emily LaGroue', 'Hawn Tran', 'Mary Alice Risener', 'Jordan Smith', 'Hannah Jacole Powell-Yost', 'Ran Yatim', 'Sydney E Eidt', 'Bridget Zewe', 'Jon Vidos']"
The Boy and the Heron,74.63,"['Animation', 'Adventure', 'Fantasy']","['Soma Santoki', 'Masaki Suda', 'Ko Shibasaki', 'Aimyon', 'Yoshino Kimura', 'Takuya Kimura', 'Keiko Takeshita', 'Jun Fubuki', 'Sawako Agawa', 'Karen Takizawa', 'Shinobu Otake', 'Jun Kunimura', 'Kaoru Kobayashi']"
Fast X,71.47,"['Action', 'Crime', 'Thriller']","['Vin Diesel', 'Michelle Rodriguez', 'Tyrese Gibson', 'Ludacris', 'John Cena', 'Nathalie Emmanuel', 'Jordana Brewster', 'Sung Kang', 'Jason Momoa', 'Scott Eastwood', 'Daniela Melchior', 'Alan Ritchson', 'Helen Mirren', 'Brie Larson', 'Jason Statham', 'Charlize Theron', 'Rita Moreno', 'Joaquim de Almeida', 'Leo A. Perry', 'Luis Da Silva Jr.', 'Jaz Hutchins', 'Luka Hays', 'Alexander Capon', 'Pete Davidson', 'Shadrach Agozino', 'Ludmilla', 'Miraj Grbić', 'Meadow Walker Thornton-Allan', 'Michael Irby', 'Shahir Figueira', 'Ben-Hur Santos', 'Debby Ryan', 'Josh Dun', 'Dwayne Johnson', 'Gal Gadot', 'Paul Walker', 'Ali Baddou', 'Emily Buchan']"
My Fault,80.18,"['Drama', 'Romance']","['Nicole Wallace', 'Gabriel Guevara', 'Marta Hazas', 'Iván Sánchez', 'Eva Ruiz', 'Víctor Varona', 'Fran Berenguer', 'Adriana Ubani', 'Ivan Massagué', 'Mariano Venancio', 'Jaime Ordóñez', 'Jaime Gutiérrez', 'Anastasia Russo', 'Noah Casas', 'Daniel Martínez', 'Pablo Riguero', 'Eve Ryan', 'Lucas Nabor', 'Antonio Hernandez Fimia', 'Paloma Catalán', 'Rocío Peláez', 'Jon Rod', 'Mariano Andres', 'Jonatan Ruiz', 'Mónica Caballero', 'Álvaro Navarro']"
Through My Window,73.91,"['Romance', 'Drama', 'Comedy']","['Clara Galle', 'Julio Peña', 'Guillermo Lasheras', 'Natalia Azahara', 'Hugo Arbues', 'Eric Masip', 'Pilar Castro', 'Abel Folk', 'Rachel Lascar', 'Emilia Lazo', 'Lucía de la Puerta', 'Maria Casals', 'Sylvia Parejo López', 'Silvia Albert', 'José Antonio Duque', 'Óscar Intente', 'Joan Galo', 'Anna Martínez', 'Andrea Sainz De Baranda', 'Salahddin Tarki', 'José María Fernández', 'Nacho Sandobal', 'Mark Ullod', 'Alexandra Galindo', 'Mireia Guevara', 'Olga Abuín', 'Álex Sanz', 'Yolanda Pacheco', 'Ton Vieira', 'Ángel Cheng', 'Joaquín Udina']"
Bob Marley: One Love,68,"['Music', 'Drama']","['Kingsley Ben-Adir', 'Lashana Lynch', 'James Norton', 'Tosin Cole', 'Micheal Ward', 'Jesse Cilio', 'Umi Myers', 'Anthony Welsh', 'Nia Ashi', 'Michael Gandolfini', 'Nadine Marshall', 'Sundra Oakley', 'Cornelius Grant', 'Hector Donald Lewis', 'Naomi Cowan', 'Nestor Aaron Absera']"
The Accursed,61.03,['Horror'],"['Yancy Butler', 'Izabela Vidovic', 'George Harrison Xanthis', 'Maiara Walsh', 'Melora Walters', 'Goran Visnjic', 'Jena Carpenter', 'Miraj Grbić', 'Ian Fisher', 'Alla Tumanian', 'Dana Melanie', 'Brianna Joy Chomer', 'Mara Omaljev', 'Ella Mische', 'Nick Cassidy', 'Jake B. Miller', 'Michael Fitzgerald', 'Joanna Ke']"
Deadpool,76.09,"['Action', 'Adventure', 'Comedy']","['Ryan Reynolds', 'Morena Baccarin', 'Ed Skrein', 'T.J. Miller', 'Gina Carano', 'Leslie Uggams', 'Brianna Hildebrand', 'Karan Soni', 'Jed Rees', 'Stefan Kapičić', 'Randal Reeder', 'Isaac C. Singleton Jr.', 'Michael Benyaer', 'Style Dayne', 'Kyle Cassie', 'Taylor Hickson', 'Ayzee', 'Naika Toussaint', 'Justyn Shippelt', 'Donna Yamamoto', 'Hugh Scott', 'Cindy Piper', 'Em Haine', 'Aatash Amir', 'Chad Riley', 'Paul Belsito', 'Darcey Johnson', 'Kyle Rideout', 'Jason William Day', 'Stan Lee', 'Benjamin Wilkinson', 'Rachel Sheen', 'Paul Lazenby', 'Rob Hayter', 'Andre Tricoteux', 'Victoria De Mare', 'Heather Ashley Chase', 'Kayla Adams', 'Olesia Shewchuk', 'Fabiola Colmenero', 'Matthew Hoglie']"
Transformers: Rise of the Beasts,73.55,"['Action', 'Adventure', 'Science Fiction']","['Anthony Ramos', 'Dominique Fishback', 'Peter Cullen', 'Ron Perlman', 'Peter Dinklage', 'Michelle Yeoh', 'Pete Davidson', 'Liza Koshy', 'Cristo Fernández', 'Luna Lauren Velez', 'Dean Scott Vazquez', 'Tobe Nwigwe', 'Sarah Stiles', 'Leni Parker', 'Frank Marrs', 'Aidan Devine', 'Kerwin Jackson', 'Mike Chute', 'Tyler Hall', 'Sean Tucker', 'Jay Farrar', 'Lucas Huarancca', 'Amiel Cayo', 'Santusa Cutipa', 'Yesenia Inquillay', ""Sumac T'Ika"", 'Josue Sallo', 'Mellissa Alvarez', 'Gloria Cusi', 'Michael Kelly', 'Jason D. Avalos', 'Lesley Stahl', 'John DiMaggio', 'David Sobolov', 'Michaela Jaé Rodriguez', 'Colman Domingo', 'Tongayi Chirisa', 'Luke Jones']"
Barbie,71.11,"['Comedy', 'Adventure']","['Margot Robbie', 'Ryan Gosling', 'America Ferrera', 'Ariana Greenblatt', 'Issa Rae', 'Kate McKinnon', 'Alexandra Shipp', 'Emma Mackey', 'Hari Nef', 'Sharon Rooney', 'Ana Cruz Kayne', 'Ritu Arya', 'Dua Lipa', 'Nicola Coughlan', 'Emerald Fennell', 'Simu Liu', 'Kingsley Ben-Adir', 'Ncuti Gatwa', 'Scott Evans', 'John Cena', 'Michael Cera', 'Rhea Perlman', 'Helen Mirren', 'Will Ferrell', 'Connor Swindells', 'Jamie Demetriou', 'Andrew Leung', 'Will Merrick', 'Zheng Xi Yong', 'Asim Chaudhry', 'Ray Fearon', 'Erica Ford', 'Hannah Khalique-Brown', 'Mette', 'Marisa Abela', 'Lucy Boynton', 'Rob Brydon', 'Tom Stourton', 'Chris Taylor', 'David Mumeni', 'Olivia Brody', 'Isla Ashworth', 'Eire Farrell', 'Daisy Duczmal', 'Genvieve Toussaint', 'Isabella Nightingale-Mercado', 'Millie-Rose Crossley', 'Anvita Nehru', 'Kayla-Mai Alvares', 'Luke Mullen', 'Patrick Luwis', 'Mac Brandt', 'Paul Jurewicz', 'Oraldo Austin', 'Benjamin Arthur', 'Carlos Jacott', 'Adam Ray', 'George Basil', 'Ptolemy Slocum', 'Deb Hiett', 'James Leon', 'Oliver Vaquer', 'Tony Noto', 'Christopher T. Wood', 'Ann Roth', 'Annie Mumolo', 'Elise Gallup', 'McKenna Roberts', 'Brylee Hsu', 'Sasha Milstein', 'Lauren Holt', 'Sterling Jones', 'Ryan Piers Williams', 'Jamaal Lewis', 'Kathryn Akin', 'Grace Jabbari', 'Ira Mandela Siobhan', 'Lisa Spencer', 'Naomi Weijand', 'Tom Clark', 'Ireanne Abenoja', 'Davide Albonetti', 'Charlotte Anderson', 'Michael Anderson', 'Rico Bakker', 'James Bamford', 'William John Banks', 'Callum Bell', 'Adam Blaug', 'Mason Boyce', 'Taylor Bradshaw', 'Alex Brown', 'Miekaile Browne', 'Lewis Calcutt', 'Nikkita Chadha', 'Oliver Chapman', 'Megan Charles', 'Callum Clack', 'Danny Coburn', 'Kat Collings', 'Adam Crossley', 'Sia Dauda', 'Gustave Die', 'Grace Durkin', 'Joelle Dyson', 'Lewis Easter', 'Onyemachi Ejimofor', 'Cameron Everitt', 'Luke Field-Wright', 'Sasha Flesch', 'Adam Fogarty', 'Michael John French', 'Anna-Kay Gayle', 'Charlie Goddard', 'Marlie Goddard', 'Ellis Harman', 'Yasmin Harrison', 'Josh Hawkins', 'James Healy', 'Tim Hodges', 'Mira Jebari', 'Beccy Jones', 'Thomas Kalek', 'Lily Laight', 'Maiya Leeke', 'Cristian Liberti', 'Prodromos Marneros', 'Nahum McLean', 'Jordan Melchor', 'Ramzan Miah', 'Andy Monaghan', 'Florivaldo Mossi', 'Hannah Nazareth', 'Grant Neal', 'Freja Nicole', 'Shaun Niles', 'Ella Nonini', 'Jack William Parry', 'Josie Pocock', 'Barnaby Quarendon', 'Redmand Rance', 'Zara Richards', 'Liam Riddick', 'Alana Rixon', 'Adam Paul Robertson', 'Kingdom Sibanda', 'Sebastian Skov', 'Aaron J. Smith', 'Joshua Smith', 'Lucia-Rose Sokolowski', 'Janine Somcio', 'Alex Sturman', 'Callum Sterling', 'Todd Talbot', 'Charles Tatman', 'Grant Thresh', 'Connor Tidman', 'Wahchi Vong', 'Jerry Wan', 'Sasha Wareham', 'Stan West', 'Oliver Wheeler', 'Josh Wild', 'Joe Wolstenholme', 'Richard Womersley', 'Ashley Young']"
Godzilla x Kong: The New Empire,not rated,"['Action', 'Science Fiction', 'Adventure']","['Rebecca Hall', 'Brian Tyree Henry', 'Dan Stevens', 'Kaylee Hottle', 'Alex Ferns', 'Fala Chen', 'Rachel House', 'Mercy Cornwall']"
Lift,66.03,"['Action', 'Comedy', 'Crime', 'Drama']","['Kevin Hart', 'Gugu Mbatha-Raw', 'Sam Worthington', ""Vincent D'Onofrio"", 'Úrsula Corberó', 'Billy Magnussen', 'Kim Yun-jee', 'Viveik Kalra', 'Jean Reno', 'Burn Gorman', 'Paul Anderson', 'Jacob Batalon', 'David Proud', 'Oli Green', 'Ross Anderson', 'Stefano Skalkotos', 'Martina Avogadri', 'Jess Liaudin', 'Caroline Loncq', 'Alessandro Quattro', 'Marta Lunè', 'Martina Vanin', 'Edward Bellemo', 'Nadira Tudor', 'Polly Middlehurst', 'Michael Absalom', 'Andrew Wilson', 'Morgan Cranton-Jones', 'Eva Hein West', 'Jordan Coombes', 'Gerard Monaco', 'Roy McCrerey', 'Erol Ismail', 'Gordon Alexander', 'Russ Bain', 'Eman Kazemi', 'Amit Dhut', 'Mark Hampton', 'Gary Fannin', 'Francesco Garritani', 'Vittorio Verdirosi']"
Freelance,65.67,"['Action', 'Comedy']","['John Cena', 'Alison Brie', 'Juan Pablo Raba', 'Christian Slater', 'Alice Eve', 'Marton Csokas', 'Sebastián Eslava', 'Molly McCann', 'Mauricio Cujar', 'Diego Vásquez', 'Nelson Camayo', 'Matt Moody', 'Daniel Toro', 'Gamal Dillard', 'Roberto Cano', 'Andrés Echavarría', 'Yusuf Felipe Tangarife Angulo', 'Fiona Horsey', 'Michel Farji Honlein', 'Julianne Arrieta', 'Pablo Daniel Rodríguez', 'Tomaso Tarli', 'Mélida Saviz']"
The Hunger Games: The Ballad of Songbirds & Snakes,71.87,"['Drama', 'Science Fiction', 'Action']","['Tom Blyth', 'Rachel Zegler', 'Peter Dinklage', 'Jason Schwartzman', 'Hunter Schafer', 'Josh Andrés Rivera', 'Viola Davis', 'Dexter Sol Ansell', 'Rosa Gotzler', 'Clemens Schick', 'Fionnula Flanagan', 'Ashley Liao', 'Athena Strates', 'Joshua Kantara', 'Amélie Hoeferle', 'Kaitlyn Akinpelumi', 'Florian Burgkart', 'Ayomide Adegun', 'Aaron Finn Schultz', 'Max Raphael', 'Mekyas Mulugeta', 'Emma Frieda Brüggler', 'Yalany Marschner', 'Serena Oexle', 'Anni Baumann', 'Flora Thiemann', 'Zoë Renee', 'Seyna Sylla', 'Lilly Cooper', 'Aamer Husain', 'Aminata Lucia Yade Toscano', 'Daniela Grubert', 'Michael Greco', 'Levi Strasser', 'Chieloka Jairus', 'Tim Torok', 'Varvara Kanellakopoulou', 'Jerome Lance', 'Mackenzie Lansing', 'Cooper Dillon', 'Hiroki Berrecloth', 'Irene Böhm', 'Knox Gibson', 'Sofia Sanchez', 'Luna Kuse', 'Kjell Brutscheidt', 'Dimitri Abold', 'Luna Steeples', 'Nick Benson', 'Marc Aden Gray', 'Isobel Jesper Jones', 'Dakota Shapiro', 'Vaughan Reilly', 'Honor Gillies', 'Eike Onyambu', 'Cameron MacConomy', 'Ghaith Saleh', 'Riley Chung', 'Denise Hansen', 'Scott Folan', 'Burn Gorman', 'Raphael Zari', 'Mona Vojacek Koper', 'Carl Spencer', 'Konstantin Taffet', 'George Somner', 'Steven McMichael', 'Donald Sutherland', 'Jonas Martens']"
Demon Slayer: Kimetsu no Yaiba Sibling's Bond,79.29,"['Action', 'Animation', 'Fantasy']","['Natsuki Hanae', 'Akari Kito', 'Takahiro Sakurai', 'Hochu Otsuka', 'Yuki Kaji', 'Ai Kakuma', 'Daisuke Namikawa', 'Toshihiko Seki', 'Takehito Koyasu']"
Upgraded,73.53,"['Romance', 'Comedy']","['Camila Mendes', 'Archie Renaux', 'Marisa Tomei', 'Lena Olin', 'Anthony Stewart Head', 'Thomas Kretschmann', 'Rachel Matthews', 'Grégory Montel', 'Andrew Schulz', 'Saoirse-Monica Jackson', 'Fola Evans-Akingbola', 'Aimee Carrero', 'Matteo Lane', 'Juliet Agnes', 'Akshay Shah', 'Jack Hewitt', 'Renny Krupinski', 'Chloe Wade', 'Hugh Edmeades', 'Paul Hawkyard', 'Alex McNally', 'Joe Osborne', 'Carlson Young']"
The Bridge Curse: Ritual,59.33,['Horror'],"['Wang Yu-xuan', 'JC Lin', 'Patrick Shih', 'Shawn Hu', 'Tzu Hsuan Chan', 'Wei-Lun Xi', 'Boris Wang', 'Linus Wang', 'Summer Meng', 'Vera Yen', 'Ning Chang']"
The Bricklayer,60.82,"['Action', 'Thriller']","['Aaron Eckhart', 'Nina Dobrev', 'Clifton Collins Jr.', 'Tim Blake Nelson', 'Ilfenesh Hadera', 'Oliver Trevena', 'Akis Sakellariou', 'Ori Pfeffer', 'John T. Woods', 'Konstantin Adaev', 'Zachary Willis', 'David Kennedy', 'Veronica Ferres', 'Johanna Harlin', 'Anastasia Doumtsis', 'Michael Siriopoulos', 'Teodora Djuric', 'Cristina Serafini', 'Laura Hopper', 'Vasilis Kanelopoulos', 'Iurii Vashurin', 'Manos Galanis', 'Roman Jankovič', 'Christopher Kikis', 'Lili Rich', 'Myy Harlin']"
The Family Plan,73.52,"['Action', 'Comedy']","['Mark Wahlberg', 'Michelle Monaghan', 'Maggie Q', 'Zoe Colletti', 'Van Crosby', 'Ciarán Hinds', 'Kellen Boyle', 'Saïd Taghmaoui', 'Felicia Pearson', 'Lateef Crowder', 'Miles Doleac', 'Jonny Coyne', 'Kash Abdulmalik', 'Joyner Lucas', 'Iliana Norris', 'Vienna Norris', 'Colby Burton', 'Al Vicente', 'Marcus Anderson', 'Ryan Homchick', 'Chantal Maurice', 'James Sharpe', 'Joey Mekyten', 'Christian Gehring', 'Max Bickelhaup', 'Thanhminh Tan Thai', 'Nickolas Wolf', 'Nolani', 'Tony L. Calloway', 'Beau Wilson', 'Robert Hendren', 'Anisa Nyell Johnson', 'Alexandra Pica', 'Dajalynn Sanchez', 'Savanna Gann', 'Sarah Jon', 'Bonnie Johnson', 'Nichele Lambert', 'Anthony N.', 'Quentin Franco', 'Keith Sayers', 'Kaci Barker', 'Damian Lamar Lockhart', 'Sean Michael Weber', 'Olivia Healey', 'Adam Murray', 'Michael Zazarino', 'Jack Ha', 'Anthony P. Thomas', 'Ray Kam', 'Hayley Keown', 'iiTzTimmy', 'Franco Castan', 'Valkyrae', 'David Conk', 'Denisha Gillespie', 'Kevin Dyer', 'Laura Palka', 'Levi Gilbert']"
The Super Mario Bros. Movie,77,"['Animation', 'Family', 'Adventure', 'Fantasy', 'Comedy']","['Chris Pratt', 'Anya Taylor-Joy', 'Charlie Day', 'Jack Black', 'Keegan-Michael Key', 'Seth Rogen', 'Fred Armisen', 'Sebastian Maniscalco', 'Charles Martinet', 'Kevin Michael Richardson', 'Khary Payton', 'Rino Romano', 'John DiMaggio', 'Jessica DiCicco', 'Eric Bauza', 'Juliet Jelenic', 'Scott Menville', 'Carlos Alazraqui', 'Jason Broad', 'Ashly Burch', 'Rachel Butera', 'Cathy Cavadini', 'Will Collyer', 'Django Craig', 'Willow Geer', 'Aaron Hendry', 'Andy Hirsch', 'Barbara Harris', 'Phil LaMarr', 'Jeremy Maxwell', 'Daniel Mora', 'Eric Osmond', 'Noreen Reardon', 'Lee Shorten', 'Cree Summer', 'Nisa Ward', 'Nora Wyman']"
Cult Killer,56.67,"['Mystery', 'Thriller', 'Crime', 'Horror']","['Alice Eve', 'Antonio Banderas', 'Shelley Hennig', 'Olwen Fouéré', 'Kim DeLonghi', 'Nick Dunning', 'Paul Reid', 'Kwaku Fortune', 'John Wollman', 'Matthew Tompkins', 'Patrick Buchanan', 'Ciaran McGlynn', 'Chris Mohan', 'Sophie Amber', 'Daire McMahon', 'Aoife Kelly', 'Daniel Carlin']"
They Talk,46.59,"['Horror', 'Mystery', 'Thriller']","['Jonathan Tufvesson', 'Margaux Billard', 'Sydney White', 'Aciel Martinez Pol', 'Hal Yamanouchi', 'Rocío Muñoz Morales', 'Aaron Stielstra', 'Stefania Montesolaro']"
Spider-Man: Across the Spider-Verse,83.84,"['Animation', 'Action', 'Adventure', 'Science Fiction']","['Shameik Moore', 'Hailee Steinfeld', 'Jason Schwartzman', 'Oscar Isaac', 'Brian Tyree Henry', 'Luna Lauren Velez', 'Jake Johnson', 'Issa Rae', 'Karan Soni', 'Shea Whigham', 'Greta Lee', 'Amandla Stenberg', 'Jharrel Jerome', 'Andy Samberg', 'Jack Quaid', 'Rachel Dratch', 'Ziggy Marley', 'Jorma Taccone', 'Daniel Kaluuya', 'Mahershala Ali', 'J.K. Simmons', 'Donald Glover', 'Elizabeth Perkins', 'Kathryn Hahn', 'Ayo Edebiri', 'Nicole Delaney', 'Antonina Lentini', 'Atsuko Okatsuka', 'Peter Sohn', 'Melissa Sturm', 'Lorraine Velez', 'Nic Novicki', 'Taran Killam', 'Metro Boomin', 'Josh Keaton', 'Sofia Barclay', 'Danielle Perez', 'Yuri Lowenthal', 'Rita Rani Ahuja', 'Ismail Bashey', 'Oscar Camacho', 'Freddy Ferrari', 'Kerry Gutierrez', 'Kamal Khan', 'Angelo Sekou Kouyate', 'Andrew Leviton', 'David Michie', 'Sumit Naig', 'Juan Pacheco', 'Chrystee Pharris', 'Ben Pronsky', 'Al Rodrigo', 'Stan Sellers', 'Warren Sroka', 'Jasper Johannes Andrews', 'Gredel Berrios Calladine', 'Natalia Castellanos', 'Russell Tyre Francis', 'Deepti Gupta', 'Sohm Kapila', 'Pradnya Kuwadekar', 'Ashley London', 'Christopher Miller', 'Andrea Navedo', 'Lakshmi Patel', 'Jacqueline Pinol', 'Eliyas Qureshi', 'Lashana Rodriguez', 'Jaswant Dev Shrestha', 'Libby Thomas Dickey', 'Jason Linere-White', 'Sitara Attaie', 'Mayuri Bhandari', 'June Christopher', 'Michelle Jubilee Gonzalez', 'Marabina Jaimes', 'Rez Kempton', 'Lex Lang', 'Phil Lord', 'Richard Miro', 'Doug Nicholas', ""Shakira Ja'nai Paye"", 'James Pirri', 'Marley Ralph', 'Michelle Ruff', 'Dennis Singletary', 'Amanda Troop', 'Ruth Zalduondo', 'Kimberly Bailey', 'Sanjay Chandani', 'Melanie Duke', 'Jorge R. Gutierrez', 'Miguel Jiron', 'Deepti Kingra-Mickelsen', 'Luisa Leschin', 'Caitlin McKenna', 'Andrew Morgado', 'Arthur Ortiz', 'Eliana A. Perez', 'Juan Pope', 'Mike Rianda', 'Erika Scopelli', 'Narender Sood', 'Cedric L. Williams', 'Kimiko Glenn', 'Peggy Lu', 'Andrew Garfield', 'Denis Leary', 'Tobey Maguire', 'Cliff Robertson', 'Alfred Molina', 'Post Malone']"
Godzilla Minus One,78.5,"['Science Fiction', 'Horror', 'Action']","['Ryunosuke Kamiki', 'Hidetaka Yoshioka', 'Minami Hamabe', 'Kuranosuke Sasaki', 'Yuki Yamada', 'Saki Nakatani', 'Munetaka Aoki', 'Sakura Ando', 'Mio Tanaka', 'Yuya Endo', 'Kisuke Iida']"
Demon Slayer -Kimetsu no Yaiba- The Movie: Mugen Train,82.33,"['Action', 'Animation', 'Adventure', 'Fantasy', 'Thriller']","['Natsuki Hanae', 'Akari Kito', 'Hiro Shimono', 'Yoshitsugu Matsuoka', 'Satoshi Hino', 'Takahiro Sakurai', 'Katsuyuki Konishi', 'Saori Hayami', 'Kenichi Suzumura', 'Tomokazu Seki', 'Tomokazu Sugita', 'Toshiyuki Morikawa', 'Rina Sato', 'Shin-ichiro Miki', 'Houko Kuwashima', 'Kaede Hondo', 'You Taichi', 'Konomi Kohara', 'Aoi Koga', 'Rikiya Koyama', 'Megumi Toyoguchi', 'Junya Enoki', 'Mariya Ise', 'Daisuke Hirakawa', 'Akira Ishida', 'Jun Kasama', 'Sayaka Senbongi', 'Takuya Eguchi', 'Hibiku Yamamura', 'Yuya Hirose', 'Shinya Takahashi', 'Saeko Akiho', 'Shugo Nakamura', 'Mitsuki Nakae']"
The Tiger's Apprentice,73,"['Animation', 'Action', 'Adventure', 'Family', 'Fantasy']","['Brandon Soo Hoo', 'Henry Golding', 'Lucy Liu', 'Sandra Oh', 'Michelle Yeoh', 'Bowen Yang', 'Leah Lewis', 'Tan Kheng Hua', 'Sherry Cola', 'Deborah S. Craig', 'Jo Koy', 'Greta Lee', 'Diana Lee Inosanto', 'Patrick Gallagher', 'Poppy Liu', 'Lydie Loots', 'Raman Hui', 'Ryan Christopher Lee', 'Josh Zuckerman']"
Kung Fu Panda 4,not rated,"['Action', 'Adventure', 'Animation', 'Comedy', 'Family']","['Jack Black', 'Awkwafina', 'Viola Davis', 'Bryan Cranston', 'Ke Huy Quan', 'Dustin Hoffman', 'Ian McShane', 'James Hong', 'Angelina Jolie', 'Jackie Chan', 'Seth Rogen', 'David Cross', 'Lucy Liu', 'Lori Tan Chinn', 'Ronny Chieng']"
Rebel Moon - Part One: A Child of Fire,63.79,"['Science Fiction', 'Drama', 'Action']","['Sofia Boutella', 'Michiel Huisman', 'Ed Skrein', 'Djimon Hounsou', 'Bae Doona', 'Staz Nair', 'Charlie Hunnam', 'Ray Fisher', 'Cleopatra Coleman', 'E. Duffy', 'Anthony Hopkins', 'Fra Fee', 'Charlotte Maggi', 'Sky Yang', 'Stuart Martin', 'Ingvar E. Sigurðsson', 'Alfonso Herrera', 'Cary Elwes', 'Rhian Rees', 'Jena Malone', 'Corey Stoll', 'Stella Grace Fitzgerald', 'Dustin Ceithamer', 'Greg Kriek', 'Brandon Auret', 'Ray Porter', 'Tony Amendola', 'Dominic Burgess', 'Derek Mears', 'Elizabeth Martinez', 'Josefine Lindegaard', 'Melissa Hunt', 'Colby Lemmo', 'Sisse Marie', 'Thomas Ohrstrom', 'Savanna Gann', 'Danielle Burgio', 'Julian Grant', 'Patrick Luwis', 'Tomm Voss', 'Christine Kellogg-Darrin', 'Skylar Okerstrom-Lang', 'Caden Dragomer', 'Kayden Alexander Koshelev', 'Kingston Foster', 'Robbie Jarvis', 'Brett Robert Culbert', 'Max Pescherine', 'Matt Nolan', 'Adam J. Smith', 'Michael James Bell', 'Richard Cetrone', 'Christopher Matthew Cook', 'Ben Geurens', 'Raphael Corkhill', 'Kendall Wells', ""James William O'Halloran"", 'Mingus Johnston', 'Carolyne Chen', 'Zheng Qing', 'Giovanni Lopes', 'Bonnie Morgan', 'Rory Gibson', 'Napoleon Ryan', 'Cody Banta', 'Francisco Grey', 'Scott Subiono', 'Gary Nohealii', 'Cesalina Gracie', 'Isabella Brenza', 'Jordan Coleman', 'Mark Steger', 'Douglas Tait', 'Sam Bass', 'Charity Witt', 'Francis Ngannou', 'Steven Allen', 'Alexander Ward', 'John Orr', 'Daisy Davis', 'Simon Potter', 'Sam Stinson']"
Deadpool 2,74.89,"['Action', 'Comedy', 'Adventure']","['Ryan Reynolds', 'Josh Brolin', 'Morena Baccarin', 'Julian Dennison', 'Zazie Beetz', 'T.J. Miller', 'Leslie Uggams', 'Karan Soni', 'Brianna Hildebrand', 'Jack Kesy', 'Eddie Marsan', 'Shioli Kutsuna', 'Stefan Kapičić', 'Randal Reeder', 'Nikolai Witschl', 'Thayr Harris', 'Rob Delaney', 'Lewis Tan', 'Bill Skarsgård', 'Terry Crews', 'Brad Pitt', 'Paul Wu', 'Robert Maillet', 'Alan Tudyk', 'Matt Damon', 'Michasha Armstrong', 'Joe Doserro', 'Hayley Sales', 'Islie Hirvonen', 'Jagua Arneja', 'Gerry South', 'Mike Dopud', 'Luke Roessler', 'Andy Canete', 'Tanis Dolman', 'Eleanor Walker', 'Hunter Dillon', 'Sala Baker', 'Sonia Sunger', 'Paul Wernick', 'Rhett Reese', 'Abiola Uthman', 'Tony Bailey', 'Alex Kliner', 'Elaine Kliner', 'David Leitch', 'Alicia Morton', 'Andre Tricoteux', 'Lisa Bunting', 'Miles Ellis', 'Lars Grant', 'Sam Hargrave', 'Nicholas Hoult', 'Simon MacIntyre', 'James McAvoy', 'Evan Peters', 'Tye Sheridan', 'Alexandra Shipp', 'Kodi Smit-McPhee', 'Scott Vickaryous', 'Dan Zachary', 'Hugh Jackman']"
Avatar: The Way of Water,76.31,"['Science Fiction', 'Adventure', 'Action']","['Sam Worthington', 'Zoe Saldaña', 'Sigourney Weaver', 'Stephen Lang', 'Kate Winslet', 'Cliff Curtis', 'Joel David Moore', 'CCH Pounder', 'Edie Falco', 'Jemaine Clement', 'Giovanni Ribisi', 'Britain Dalton', 'Jamie Flatters', 'Trinity Bliss', 'Jack Champion', 'Brendan Cowell', 'Bailey Bass', 'Filip Geljo', 'Duane Evans Jr.', 'Dileep Rao', 'Matt Gerald', 'Robert Okumu', 'Jennifer Stafford', 'Keston John', 'Kevin Dorman', 'Alicia Vela-Bailey', 'Sean Anthony Moran', 'Andrew Arrabito', 'Johnny Alexander', 'Kim Do', 'Victor T. Lopez', 'Maria Walker', 'Phil Brown', 'Jocelyn Christian', 'Joel Tobeck', 'Moana Ete', 'Phil Peleton', 'Jamie Landau', 'Jim Moore', 'Benjamin Hoetjes', 'Nikita Tu Bryant', 'Anthony Ahern', 'Shane Rangi', 'Rick Lucas', 'Tanya Drewery', 'Ava Diakhaby', 'Isaac Te Reina', 'Eric Farmer', 'Philip Mtambo', 'Daniel Lough', 'Cruz Moir', 'Alex Lucas', 'Scarlett Fernandez', 'Chloe Coleman', 'Jeremy Irwin', 'Jake McLean', 'CJ Jones']"
John Wick: Chapter 4,77.54,"['Action', 'Thriller', 'Crime']","['Keanu Reeves', 'Donnie Yen', 'Bill Skarsgård', 'Ian McShane', 'Laurence Fishburne', 'Lance Reddick', 'Clancy Brown', 'Hiroyuki Sanada', 'Rina Sawayama', 'Scott Adkins', 'Aimée Kwan', 'Marko Zaror', 'Natalia Tena', 'Shamier Anderson', 'George Georgiou', 'Yoshinori Tashiro', 'Hiroki Sumi', 'Daiki Suzuki', 'Julia Asuka Riedl', 'Milena Rendón', 'Ivy Quainoo', 'Irina Trifanov', 'Iryna Fedorova', 'Andrej Kaminsky', 'Sven Marquardt', 'Raicho Vasilev', 'Marie Pierra Kakoma', 'Gina Aponte', 'Christoph Hofmann']"
The Zone of Interest,73.52,"['History', 'Drama', 'War']","['Christian Friedel', 'Sandra Hüller', 'Johann Karthaus', 'Luis Noah Witte', 'Nele Ahrensmeier', 'Lilli Falk', 'Anastazja Drobniak', 'Cecylia Pekala', 'Kalman Wilson', 'Medusa Knopf', 'Maximilian Beck', 'Andrey Isaev', 'Julia Babiarz', 'Stephanie Petrowitz', 'Martyna Poznanski', 'Zuzanna Kobiela', 'Benjamin Utzerath', 'Thomas Neumann', 'Klaudiusz Kaufmann', 'Justyna Szklarska', 'Kacper Piwko', 'Marie Rosa Tietjen', 'Antje Falk', 'Jakub Sierenberg', 'Joerg Sierenberg', 'Joerg Giessler', 'Heiko Lange', 'Marek Łukasik', 'Bernhard Schirmer', 'Julia Polaczek', 'Shenja Lacher', 'Imogen Kogge', 'Wiktoria Wisniewska', 'Paulina Burzyk', 'Anna Marciniszyn', 'Agnieszka Wierny', 'Patryk Mika', 'Tomasz Piwko', 'Carsten Koch', 'Heinz Nielow', 'Christine Schröder', 'Marnius Fislage', 'Ralph Herforth', 'Daniel Holzberg', 'Rainer Haustein', 'Daniel Hoffman', 'Wolfgang Lampl', 'Oscar Lebeck', 'Christian Willy', 'Freya Kreutzkam', 'Leo Meier', 'Barbara Koszatka', 'Izabela Bara', 'Anna Kuwik', 'Mariola Karczewska', 'Halina Drzymota', 'Dominika Matonóg', 'Ewelina Kaczor', 'Matgorzata Zurek', 'Barbara Jakubowska', 'Etzbieta Bronka', 'Zuzanna Janusik', 'Sascha Maaz', 'Ralf Zillmann', 'Christopher Manavi']"
West of Hell,47.62,"['Horror', 'Western', 'Fantasy']","['Tony Todd', 'Michael Eklund', 'Lance Henriksen', 'Richard Riehle', 'Jeryl Prescott', 'Yousef Abu-Taleb', 'Sewell Whitney', 'Diahnna Nicole Baxter', 'June Laporte', 'Jill Hoiles', 'Omono Okojie', 'Christopher Woods', 'Michael Zane', 'Ashley Drayton', 'Anna Borchert', 'Dwayne Marion Johnson', 'Ben Adams', 'Nick Bennett']"
Trolls Band Together,73,"['Animation', 'Family', 'Music', 'Fantasy', 'Comedy']","['Anna Kendrick', 'Justin Timberlake', 'Camila Cabello', 'Eric André', 'Amy Schumer', 'Andrew Rannells', 'Daveed Diggs', 'Troye Sivan', 'Kid Cudi', 'Zosia Mamet', 'Zooey Deschanel', 'Kunal Nayyar', 'Kenan Thompson', 'Christopher Mintz-Plasse', 'Ron Funches', 'Anderson .Paak', 'RuPaul', 'Aino Jawo', 'Caroline Hjelt', 'Patti Harrison', 'Lance Bass', 'JC Chasez', 'Joey Fatone', 'Chris Kirkpatrick', 'Glozell Green', 'Dillon Francis', 'Walt Dohrn', 'David Fynn', 'Kevin Michael Richardson', 'Iris Dohrn', 'Nina Zoe Bakshi', 'Melissa Mabie', 'James Ryan', 'Tim Heitz', 'Nick Fletcher', 'Secunda Wood', 'Roger Craig Smith', 'Ryan Naylor', 'Fred Tatasciore', 'Nick Kishiyama', 'Jakari Fraser', 'Kayla Melikian', 'Titus Blake', 'Nicole Lynn Evans']"
Meg 2: The Trench,66,"['Action', 'Science Fiction', 'Horror']","['Jason Statham', 'Wu Jing', 'Shuya Sophia Cai', 'Page Kennedy', 'Sergio Peris-Mencheta', 'Sienna Guillory', 'Cliff Curtis', 'Skyler Samuels', 'Melissanthi Mahut', 'Whoopie van Raam', 'Kiran Sonia Sawar', 'Felix Mayr', 'Guo Tao', 'Robin Hill', 'Dai Lele', 'Sui Fong Ivy Tsui', 'Stewart Alexander', 'Able Wanamakok', 'Xiong Jinyi', 'Cai Jingjing', 'Li Xin', 'Kenneth Won', 'Longxi', 'Bai Narisu', 'Matthew Stirling', 'Richard Glover', 'Billy Clements', 'Jonny James', 'Enzo di Bonaventura', 'Sara Dee']"
Mission: Impossible - Dead Reckoning Part One,75.61,"['Action', 'Thriller']","['Tom Cruise', 'Hayley Atwell', 'Ving Rhames', 'Simon Pegg', 'Rebecca Ferguson', 'Vanessa Kirby', 'Esai Morales', 'Pom Klementieff', 'Henry Czerny', 'Shea Whigham', 'Greg Tarzan Davis', 'Frederick Schmidt', 'Mariela Garriga', 'Cary Elwes', 'Charles Parnell', 'Mark Gatiss', 'Indira Varma', 'Rob Delaney', 'Marcello Walton', 'Brian Law', 'Lincoln Conway', 'Alex James-Phelps', 'Marcin Dorociński', 'Ivan Ivashkin', 'Zahari Baharov', 'Adrian Bouchet', 'Sam Barrett', 'Louis Vaughan', 'Jean Kartal', 'Os Leanse', 'Luke Smith', 'Nikolaos Brahimllari', 'Matt Malecki', 'Damian Rozanek', 'Antonio Bustorff', 'Ioachim Ciobanu', 'Michael Kosterin', 'Sergej Lopouchanski', 'Robert Luckay', 'Jadran Malkovich', 'Mikhail Safronov', 'Christopher Sciueref', 'Andrea Scarduzio', 'Barnaby Kay', 'Gloria Obianyo', 'Alex Brock', 'Kaye Dinauto', 'Dana Blacklake', 'Arevinth V Sarma', 'Doroteya Toleva', 'Lucia Tong', 'Hersha Verity', 'Yennis Cheung', 'Laura Vortler', 'Faycal Attougui', 'Gaetano Bruno', 'Marco Sincini', 'Evita Ciri', 'Melissa Anna Bartolini', 'John Akanmu', 'Marco Lascari', 'Simon Rizzoni', 'Nicolas Wang', 'Lee Bridgman', 'Daniella Carraturo', 'Katie Collins', 'Joanna Dyce', 'Taylor Goodridge', 'Jessica Holland', 'Philip Hulford', 'Grace Jabbari', 'Ira Mandela Siobhan', 'Nicholas Tredrea', 'Megan Westpfel', 'Marc Wesley DeHaney', 'Rocky Taylor']"
Society of the Snow,80.75,"['Drama', 'History']","['Enzo Vogrincic', 'Agustín Pardella', 'Matías Recalt', 'Tomás Wolf', 'Diego Vegezzi', 'Esteban Kukuriczka', 'Francisco Romero', 'Rafael Federman', 'Felipe González Otaño', 'Agustín Della Corte', 'Valentino Alonso', 'Simon Hempe', 'Fernando Contigiani García', 'Benjamín Segura', 'Luciano Chatton', 'Agustín Berruti', 'Juan Caruso', 'Rocco Posca', 'Andy Pruss', 'Esteban Bigliardi', 'Paula Baldini', 'Blas Polidori', 'Felipe Ramusio Mora', 'Santiago Vaca Narvaja', 'Emanuel Parga', 'Federico Aznárez', 'Alfonsina Carrocio', 'Louta', 'Juandi Eirea Young', 'Jerónimo Bosia', 'Giselle Douaret', 'Agustín Lain', 'Julian Bedino', 'Lautaro Bakir', 'Tea Alberti', 'Francisco Bereny', 'Toto Rovito', 'Lucas Mascarena', 'Maximiliano de la Cruz', 'Juan José Marco', 'Mariano Rochman', 'Esteban Pico', 'Pablo Tate', 'Virgínia Kauffmann', 'Francisco Burghi', 'Daniel Patricio Antivilio Acuña', 'Ezequiel Fadel Hinojosa', 'Gustavo F. Sasco', 'Facundo Roure', 'Carlos Miguel Páez Rodríguez', 'Emanuel Sobré', 'Roberto Suárez', 'Constanza del Sol Giraudo', 'Federico Formento', 'Gustavo Zerbino Stajano', 'Ramón Mario Sabella Barreiro', 'Sofía Lara']"
Avengers: Infinity War,82,"['Adventure', 'Action', 'Science Fiction']","['Robert Downey Jr.', 'Chris Hemsworth', 'Mark Ruffalo', 'Chris Evans', 'Scarlett Johansson', 'Benedict Cumberbatch', 'Tom Holland', 'Chadwick Boseman', 'Don Cheadle', 'Zoe Saldaña', 'Karen Gillan', 'Elizabeth Olsen', 'Paul Bettany', 'Anthony Mackie', 'Sebastian Stan', 'Tom Hiddleston', 'Idris Elba', 'Danai Gurira', 'Peter Dinklage', 'Benedict Wong', 'Pom Klementieff', 'Dave Bautista', 'Vin Diesel', 'Bradley Cooper', 'Gwyneth Paltrow', 'Benicio del Toro', 'Josh Brolin', 'Chris Pratt', 'Sean Gunn', 'William Hurt', 'Letitia Wright', 'Terry Notary', 'Tom Vaughan-Lawlor', 'Carrie Coon', 'Michael James Shaw', 'Stan Lee', 'Winston Duke', 'Florence Kasumba', 'Kerry Condon', 'Monique Ganderton', 'Jacob Batalon', 'Tiffany Espensen', 'Isabella Amara', 'Ethan Dizon', 'Ariana Greenblatt', 'Ameenah Kaplan', 'Ross Marquand', 'Michael Anthony Rogers', 'Stephen McFeely', 'Aaron Lazar', 'Robert Pralgo', 'Olaniyan Thurmon', 'Blair Jasin', 'Matthew Zuk', 'Laura Miller', 'Kenneth Branagh', 'Samuel L. Jackson', 'Cobie Smulders', 'Harrison Osterfield', 'Gary Peebles', 'Marija Abney', 'Zola Williams', 'Marie Mouroum', 'James Siderits', 'Precious Jenkins', 'Bobby James', 'Lady Cardinal']"
Before Night Falls,52.5,"['Horror', 'Drama', 'Mystery']","['Annette Edoarda', 'Novia Bachmid', 'Fajar K. Effendi', 'Jeffry Reksa', 'Tien Kadaryono', 'Yannie Sukarya', 'Reza Pramez', 'Iting Tintin']"
Mira,77.3,"['Science Fiction', 'Drama', 'Adventure', 'Family']","['Anatoliy Belyy', 'Darya Moroz', 'Veronika Ustimova', 'Maksim Lagashkin', 'Evgeny Egorov', 'Andrey Smolyakov', 'Vladimir Ilin', 'Tatyana Dogileva', 'Kirill Zaytsev', 'Alexandr Petrov', 'Agniya Vorobyeva', 'Kristina Korbut', 'Marina Burtseva', 'Vladimir Simonov', 'Igor Khripunov', 'Anton Bogdanov', 'Bain Bovaldinov', 'Alexandr Lyuman-Mosiychenko', 'Alexandr Kuzmin', 'Tatyana Trushina', 'Mikhail Kolos', 'Artem Artemyev', 'Denis Miroshnichenko', 'Igor Smirnov', 'Ilya Lagutenko', 'Darya Blokhina']"
Elemental,76.69,"['Animation', 'Comedy', 'Family', 'Fantasy', 'Romance', 'Adventure']","['Leah Lewis', 'Mamoudou Athie', 'Ronnie del Carmen', 'Shila Ommi', 'Wendi McLendon-Covey', ""Catherine O'Hara"", 'Mason Wertheimer', 'Ronobir Lahiri', 'Wilma Bonet', 'Joe Pera', 'Matthew Yang King', 'Clara Lin Ding', 'Reagan To', 'Jeff Lapensee', 'Ben Morris', 'Alex Kapp', 'P.L. Brown', 'Jonathan Adams']"
Killers of the Flower Moon,75,"['Crime', 'History', 'Drama']","['Leonardo DiCaprio', 'Lily Gladstone', 'Robert De Niro', 'Jesse Plemons', 'Scott Shepherd', 'Cara Jade Myers', 'JaNae Collins', 'William Belleau', 'Jason Isbell', 'Louis Cancelmi', 'John Lithgow', 'Tantoo Cardinal', 'Jillian Dion', 'Brendan Fraser', 'Everett Waller', 'Tahlee Redcorn', 'Yancey Red Corn', 'Tatanka Means', 'Tommy Schultz', 'Sturgill Simpson', 'Ty Mitchell', 'Gary Basaraba', 'Charlie Musselwhite', 'Pat Healy', 'Steve Witting', 'Steve Routman', 'Gene Jones', 'Michael Abbott Jr.', 'J.C. MacKenzie', 'Jack White', 'Larry Sellers', 'Barry Corbin', 'Gabriel Casdorph', 'Samuel French', 'Wally Welch', 'James Roman Dailey Jr.', 'Christopher Cote', 'Randy Houser', 'Moe Headrick', 'Pete Yorn', 'Margaret Shannon-Sisk', 'Moira Redcorn', 'Eric Parkinson', 'Chase Parker', 'Jarad Looper', 'John Gibbs', 'Jerry Logsdon', 'Jacob Lux', 'Xavier Toehay', 'Mike Cook', 'Katherine Willis', 'Delani Chambers', 'Zachary Hokeah', 'Talon Satepauhoodle', 'Jennifer Rader', 'Chance Rush', 'Dana Daylight', 'Mahada Sanders', 'Ben Hall', 'John Q. Wilson', 'Beau Smith', 'Victor McCay', 'Nathalie Standingcloud', 'Jay Paulson', 'Marvin E. Stepson Jr.', 'Tracey Ann Moore', 'Easton Wade Yellowfish', 'Reignen Yellowfish', 'Candice Costello', 'Father Chris Daigle', 'Justin France', 'Jerry Wolf', 'Addie Roanhorse', 'Erica Pretty Eagle Moore', 'Mason Cunningham', 'Norma Jean', 'Elisha Pratt', 'Desireee Storm Brave', 'Margaret Gray', 'Christopher Hill', 'Dolan Wilson', 'Jackie Wyatt', 'Rayna Gellert', 'Nokosee Fields', 'Kieran Kane', 'Lucas Ross', 'Elijah Cemp Ragsdale', 'Vanessa Rose Pham', 'Terry Allen', 'Jo Harvey Allen', 'Sarah Spurger', 'Joshua Close', 'Elden Henson', 'Kinsleigh McNac', 'Roanin Davis', 'David Fields', 'Anthony J. Harvey', 'Stephen Berkman', 'William Alyn Hill', 'Joseph Spinelli', 'Blaine Hall', 'Brent Langdon', 'Leland Prater', 'DJ Whited', 'Elizabeth Waller', 'Jessica Harjo', 'Joey Oglesby', 'Alexis Ann', 'Lee Eddy', 'Gary S. Pratt', 'Nathaniel Arcand', 'Kristin Keith', 'Bravery Nowlin', 'Edward Gray Sr.', 'Angela Pratt', 'Henry Amos Gray', 'Samuel Gray', 'Edward Gray Jr.', 'Mamie Cozad', 'Shonagh Smith', 'Joel Tallchief Lemon', 'Richard Lookout RulingHisSun', 'Brett Bower', 'Garrison Panzer', 'River Rhoades', 'Zack T. Morris', 'Harrison Shackelford', 'Alexis Waller', 'Mark Landon Smith', 'Tom Ashmore', 'Myron F. Red Eagle', 'Dolores Marie Goodeagle', 'Matt Tolentino', 'Johnny Baier', 'Gregory Fallis', 'Patrick Bubert', 'TJ Muller', 'Will Reardon-Anderson', 'Peter Reardon-Anderson', 'Kyle Dillingham', 'Jacob Johnson', 'Jeffrey Stevenson', 'Clint Rohr', 'D. Reride Smith', 'James Healy Jr.', 'Jeremy Goodvoice', 'Ron McMahan', 'Seth Buckminster', 'Penny Potts', 'Melissa Tiger', 'Karen Garlitz', 'Bronson Redeagle', 'Jenny Paige Lynn', 'David Born', 'Mary Buss', 'Ted Welch', 'Carl Palmer', 'Tanner Brantley', 'Jezy Gray', 'Steve Eastin', 'Joe Chrest', 'Brian Shoop', 'James Carroll', 'Lux Britni Malaske', 'Adam Washington', 'Larry Jack Dotson', 'Larry Fessenden', 'Welker White', 'Martin Scorsese', 'Marko Costanzo', 'Nicholas White', 'Rob Fisher', 'Vince Giordano', 'Paul Woodiel', 'Andy Stein', 'Sam Bardfeld', 'Joe Boga', 'Jon-Erik Kellso', 'Jim Fryer', 'Marc Phaneuf', 'Mark Lopeman', 'Chris Byars', 'Vinny Raniolo', 'Paul Wells', 'Peter Yarin', 'Scott George', 'Kenneth Bighorse Jr.', 'Vann Bighorse', 'Anna L. Bighorse', 'Mason Bighorse', 'Norris Bighorse', 'Scott Bighorse', 'Paul Bighorse', 'Taveah Ann George', 'Wahwastoas J. Jones', 'Dobbin Monoessy Knifechief', 'Julia Lookout', 'Jennifer Moses', 'Francis Pipestem Jr.', 'Michael Paul Pahsetopah', 'Silas Satepauhoodle', 'Cherylyn Oberly Satepauhoodle', 'Charisse Satepauhoodle', 'Lynette Satepauhoodle', 'John Shaw', 'Angela Toineeta Satepauhoodle', 'Alexandria Toineeta', 'Ed Yellowfish', 'Nick W. Nicholson', 'Danny Frost']"
Expend4bles,63.56,"['Action', 'Adventure', 'Thriller']","['Jason Statham', 'Sylvester Stallone', '50 Cent', 'Megan Fox', 'Dolph Lundgren', 'Randy Couture', 'Iko Uwais', 'Andy García', 'Tony Jaa', 'Jacob Scipio', 'Levy Tran', 'Lucy Newman-Williams', 'Daren Nop', 'Kenny ""Cowboy"" Bartram', 'Cody Mackie', 'Cokey Falkow', 'Eddie Hall', 'Dan Chupong', 'Karim Saidi', 'Samuel Black', 'Adam Masto', 'Sheila Shah', 'Nicole Andrews', 'Oat Jenner', 'Susanne Potrock', 'Mike Möller', 'Alexander Hristozov', 'Antoni Davidov', 'David Nop', 'Igor Pečenjev', 'Stefan Ivanov', 'Vladimir Mihailov', 'Martin Ghiaurov', 'Tjaša Perko', 'Stefan Bahrun', 'Assen Karanikolov', 'Caroline Wilde', 'Jason Lines']"
Puss in Boots: The Last Wish,82.48,"['Animation', 'Adventure', 'Fantasy', 'Comedy', 'Action', 'Family']","['Antonio Banderas', 'Salma Hayek Pinault', 'Harvey Guillén', 'Wagner Moura', 'Florence Pugh', 'Olivia Colman', 'Ray Winstone', 'Samson Kayo', 'John Mulaney', ""Da'Vine Joy Randolph"", 'Anthony Mendez', 'Kevin McCann', 'Bernardo de Paula', 'Betsy Sodaro', 'Artemis Pebdani', 'Conrad Vernon', 'Cody Cameron', 'Kailey Crawford', 'Al Rodrigo', 'Bob Persichetti', 'Miguel Matrai', 'Pilar Uribe', 'Heidi Gardner', 'Joel Crawford', 'Januel Mercado', 'James Ryan', 'Natalia Cronembold', 'Paul Fisher', 'Aydrea Walden']"
"Snoopy Presents: Welcome Home, Franklin",81.11,"['Animation', 'Family']","['Caleb Bellavance', 'Etienne Kellici', 'Isabella Leo', 'Wyatt White', 'Lexi Perri', 'Hattie Kragten', 'Arianna McDonald', 'Lucien Duncan-Reid', 'Cash Allen-Martin', 'Terry McGurrin', 'Rob Tinkler', 'Natasha Nathan', 'Charlie Boyle', 'Will Bhaneja', 'Maya Misaljevic', 'Jackson Reid', 'Jacob Mazeral']"
Spider-Man: No Way Home,79.76,"['Action', 'Adventure', 'Science Fiction']","['Tom Holland', 'Zendaya', 'Benedict Cumberbatch', 'Jacob Batalon', 'Jon Favreau', 'Jamie Foxx', 'Willem Dafoe', 'Alfred Molina', 'Benedict Wong', 'Tony Revolori', 'Marisa Tomei', 'Andrew Garfield', 'Tobey Maguire', 'Angourie Rice', 'Arian Moayed', 'Paula Newsome', 'Hannibal Buress', 'Martin Starr', 'J.B. Smoove', 'J.K. Simmons', 'Rhys Ifans', 'Charlie Cox', 'Thomas Haden Church', 'Emily Fong', 'Mary Rivera', 'Rudy Eisenzopf', 'Kathleen Cardoso', 'Jonathan Sam', 'Andrew Dunlap', 'Ben VanderMey', 'Zany Dunlap', 'B. Clutch Dunlap', 'Minnah Dunlap', 'Gary Weeks', 'Gregory Konow', 'Carol Anne Dines', 'Anisa Nyell Johnson', 'Willie Burton', 'Mallory Hoff', 'Greg Clarkson', 'Regina Ting Chen', 'Robert Mitchel Owenby', 'Glenn Keogh', 'Paris Benjamin', 'Jwaundace Candece', 'Taylor St. Clair', 'Gabriella Cila', 'Darnell Appling', 'Rolando Fernandez', 'Edward Force', 'Michael Le', 'Dean Meminger', 'Frederick A. Brown', 'Cristo Fernández', 'Clay Savage', 'Tom Hardy', 'Jake Gyllenhaal', 'Jay Karales', 'Gina Aponte', 'John Barnes', 'Harry Holland', 'Haroon Khan', 'John M. Maiers']"
Leo,74.91,"['Animation', 'Comedy', 'Family']","['Adam Sandler', 'Bill Burr', 'Cecily Strong', 'Jason Alexander', 'Rob Schneider', 'Allison Strong', 'Jo Koy', 'Sadie Sandler', 'Sunny Sandler', 'Coulter Ibanez', 'Bryant Tardy', 'Corey J', 'Ethan Smigel', 'TienYa Safko', 'Gloria Manning', 'Carson Minniear', 'Roey Smigel', 'Reese Lores', 'Benjamin Bottani', 'Aldan Liam Philipson', 'Jackie Sandler', 'Heidi Gardner', 'Robert Smigel', 'Nick Swardson', 'Lileina Joy', 'Elijah Kim', 'Stephanie Hsu', 'Ryun Yu', 'Nicholas Turturro', 'Rebecca Vigil', 'Janie Haddad Tompkins', 'Chris Titone', 'Paul Brittain', 'Tiffany Topol', 'Dan Reitz', 'Sunita Param', 'Sonya Leslie', 'Germar Terrell Gardner', 'Rose Abdoo', 'Alex Quijano', 'Christian Capozzoli', 'Sheila Carrasco', 'Doug Dale', 'David Wachtenheim', 'Robert Marianetti', 'Chris Kattan', 'Nora Wyman', 'Jonathan Loughran', 'Blake Clark', 'Joel Marsh Garland', 'John Farley', 'Noah Robbins', 'Frankie Figliozzi', 'Kyra Wachtenheim', 'Aliza Pelavin', 'Katie Hartman', 'Jonny Solomon', 'Ava Acres', 'Ryan Bartley', 'Ranjani Brow', 'Nikki Castillo', 'Mary Deaton', 'Chase Fein', 'Giselle Fernández', 'Jason Griffith', 'Ashley Lambert', 'Terence Mathews', 'Scott Menville', 'David Michie', 'Andrew Morgado', 'Andre Robinson', 'Warren Sroka', 'Kelly Stables', ""Jaquita Ta'le"", 'Shelby Young']"
Role Play,60.74,"['Action', 'Comedy', 'Romance']","['Kaley Cuoco', 'David Oyelowo', 'Bill Nighy', 'Connie Nielsen', 'Rudi Dharmalingam', 'Lucia Aliu', 'Reagan Bryan-Gudgeon', 'Simon Delaney', 'Sonita Henry', 'Jade-Eleena Dregorius', 'Julia Schunevitsch', 'Stephanie Levi-John', 'Steffen Jung', 'Betty Kaplan', 'Dong Hyun Yoon', 'Matthias Schmidt', 'Moritz Berg', 'Angus McGruther', 'Dominic Holmes', 'Jonathan Failla', 'Stacy Thunes', 'Cornell Adams', 'Steven Stalder', 'Erkan Sulcani']"
Mary and Max,78.45,"['Animation', 'Comedy', 'Drama']","['Toni Collette', 'Philip Seymour Hoffman', 'Eric Bana', 'Barry Humphries', 'Bethany Whitmore', 'Renée Geyer', ""Ian 'Molly' Meldrum"", 'Julie Forsyth', 'John Flaus', 'Christopher Massey', 'Carolyn Shakespeare-Allen', 'Bill Murphy', 'Shaun Patten', 'Leanne Smith', 'Oliver Marks', 'Daisy Kocher', 'Daniel Marks', 'Hamish Hughes', 'Dan Doherty', 'Mandy Mao', 'Patrick McCabe', 'Adam Elliot', 'Mr. Peck', 'Michael J. Allen', 'Bernie Clifford', 'Milly', 'Henry Karjalainen', 'Kevin', 'Chris Wallace', 'Marlee Bevan', 'Indy', 'Melanie Coombs', 'Alf Klimek', 'Antoinette Halloran', 'Stephen Carroll', 'Athanasios Kourtidis', 'Yorgos Kourtidis', 'Michael Ienna']"
Deep Fear,58.53,"['Horror', 'Thriller', 'Action', 'Mystery']","['Mãdãlina Ghenea', 'Ed Westwick', 'Macarena Gómez', 'Stany Coppet', 'Ibrahima Gueye', 'Mike Parish', 'Marco Canadea', 'Robert Capelli Jr.', 'Shane Rowe', 'John-Paul Pace', 'Tenika Mahoney', 'Mariana Garradas']"
While We Sleep,50,['Horror'],"['Brian Gross', 'Jacy King', 'Daryna Trehubova', 'Vyacheslav Babenkov', 'Oliver Trevena', 'Pavlo Shpehun', 'Serhii Denha', 'Oleksandr Omelianov']"
The Creator,71.08,"['Action', 'Adventure', 'Science Fiction']","['John David Washington', 'Madeleine Yuna Voyles', 'Gemma Chan', 'Allison Janney', 'Ken Watanabe', 'Sturgill Simpson', 'Amar Chadha-Patel', 'Marc Menchaca', 'Robbie Tann', 'Ralph Ineson', 'Michael Esper', 'Veronica Ngo', 'Ian Verdun', 'Daniel Ray Rodriguez', 'Rad Pereira', 'Syd Skidmore', 'Karen Aldridge', 'Teerawat Mulvilai', 'Leanna Chea', 'Sahatchai Chumrum', 'Apiwantana Duenkhao', 'Mariam Khummaung', 'Natthaphong Chaiyawong', 'Tawee Teesura', 'Kulsiri Thongrung', 'Charlie McElveen', 'Chananticha Chaipa', 'Sawanee Utoomma', 'Monthatip Suksopha', 'Brett Bartholomew', 'Jeb Kreager', 'Mackenzie Lansing', 'Stephen Howard Thomas', 'Agneta Catarina Békassy de Békas', 'Brett Parks', 'Phaithoon Wanglomklang', 'Ron Weaver', 'Mav Kang', 'John Garrett Mahlmeister', 'Scott Thomas', 'Kandanai Chotikapracal', 'Niko Rusakov', 'James David Henry', ""Eoin O'Brien"", 'Dana Blouin', 'Anjana Ghogar', 'Pongsanart Vinsiri', 'Molywon Phantarak', 'Chalee Sankhavesa', 'Pat Skelton', 'Elliot Berk', 'Art Ybarra']"
Deadpool & Wolverine,not rated,"['Action', 'Comedy', 'Science Fiction']","['Ryan Reynolds', 'Hugh Jackman', 'Emma Corrin', 'Morena Baccarin', 'Rob Delaney', 'Leslie Uggams', 'Karan Soni', 'Matthew Macfadyen', 'Stefan Kapičić', 'Brianna Hildebrand', 'Shioli Kutsuna', 'Lewis Tan', 'Randal Reeder', 'Aaron Stanford', 'Jennifer Garner']"
Dogman,73.44,"['Action', 'Drama', 'Crime']","['Caleb Landry Jones', 'Jojo T. Gibbs', 'Christopher Denham', 'Grace Palma', 'Clemens Schick', 'John Charles Aguilar', 'Iris Bry', 'Marisa Berenson', 'Lincoln Powell', 'Alexander Settineri', 'Michael Garza', 'James Payton', 'Eric Carter', 'Frédéric Guérin', 'Bennett Saltzman', 'Gwyneth Anne Trumbore', 'Derek Siow', 'Avant Strangel', 'Corinne Delacour', 'Naima Hebrail Kidjo', 'Charles Gray', 'Mael Fagla Medegan', 'Bianca Melgar', 'Luing Andrews', 'Jeremiah Figuereo', 'Aven Campau', 'Jeff Mantel', 'Adam Speers', 'William Sciortino', 'C.C. DeNeira', ""Genevieve O'Neal"", 'Laetitia Mampaka']"
Five Nights at Freddy's,77,"['Horror', 'Mystery']","['Josh Hutcherson', 'Piper Rubio', 'Elizabeth Lail', 'Matthew Lillard', 'Mary Stuart Masterson', 'Kat Conner Sterling', 'David Lind', 'Christian Stokes', 'Joseph Poliquin', 'Grant Feely', 'Asher Colton Spence', 'David Huston Doty', 'Liam Hendrix', 'Jophielle Love', 'Tadasay Young', 'Michael P. Sullivan', 'Wyatt Parker', 'Lucas Grant', 'Jessica Blackmore', 'Garrett Hines', 'Ryan Reinike', 'Theodus Crane', 'Julia Belanova', 'Lisa Mackel Smith', 'Xander Mateo', 'Matthew Patrick', 'Bailey Winston', 'Gralen Bryant Banks', 'Cory Kenshin', 'Victoria Patenaude']"
The Farm,52.98,['Horror'],"['Nora Yessayan', 'Alec Gaylord', 'Ken Volok', 'Rob Tisdale', 'Kelly Mis', 'Jola Cora', 'David Air', 'Sandra Cruze']"
Mea Culpa,57.62,"['Thriller', 'Drama']","['Kelly Rowland', 'Trevante Rhodes', 'Sean Sagar', 'Nick Sagar', 'RonReaco Lee', 'Shannon Thornton', 'Angela Robinson', ""Kerry O'Malley"", 'Connor Weil', 'María Gabriela González', 'Cory Hardin', 'Shanita Wilburn', 'Ray Fawley', 'Art Newkirk']"
The Batman,76.85,"['Crime', 'Mystery', 'Thriller']","['Robert Pattinson', 'Zoë Kravitz', 'Paul Dano', 'Jeffrey Wright', 'John Turturro', 'Peter Sarsgaard', 'Andy Serkis', 'Colin Farrell', 'Jayme Lawson', 'Gil Perez-Abraham', 'Peter McDonald', ""Con O'Neill"", 'Alex Ferns', 'Rupert Penry-Jones', 'Charlie Carver', 'Max Carver', 'Barry Keoghan', 'Kosha Engler', 'Archie Barnes', 'Janine Harouni', 'Hana Hrzic', 'Joseph Walker', 'Luke Roberts', 'Oscar Novak', 'Stella Stocker', 'Sandra Dickinson', 'Jack Bennett', 'Andre Nightingale', 'Richard James-Neale', 'Lorraine Tai', 'Joseph Balderrama', 'James Eeles', 'Dave Simon', 'Angela Yeoh', 'Leemore Marrett Jr.', 'Ezra Elliott', 'Itoya Osagiede', 'Stewart Alexander', 'Adam Rojko Vega', 'Heider Ali', 'Marcus Onilude', 'Elena Saurel', 'Ed Kear', 'Sid Sagar', 'Amanda Blake', 'Todd Boyce', 'Brandon Bassir', 'Will Austin', 'Chabris Napier-Lawrence', 'Douglas Russell', 'Phil Aizlewood', 'Mark Killeen', 'Philip Shaun McGuinness', 'Lorna Brown', 'Elliot Warren', 'Jay Lycurgo', 'Stefan Race', 'Elijah Baker', 'Craige Middleburg', 'Akie Kotabe', 'Spike Fearn', 'Urielle Klein-Mekongo', 'Bronson Webb', 'Madeleine Gray', 'Ste Johnston', 'Arthur Lee', 'Parry Glasspool', 'Jordan Coulson', 'Hadas Gold', 'Pat Battle', 'Bobby Cuza', 'Dean Meminger', 'Roma Torre', 'Mike Capozzola', 'Amanda Hurwitz', 'Joshua Eldridge-Smith', 'Daniel Rainford', 'Nathalie Armin', 'Jose Palma', 'Kazeem Tosin Amore', 'Rodrig Andrisan', 'Craig Douglas']"
The Equalizer 3,73.96,"['Action', 'Thriller', 'Crime']","['Denzel Washington', 'Dakota Fanning', 'Eugenio Mastrandrea', 'David Denman', 'Gaia Scodellaro', 'Remo Girone', 'Andrea Scarduzio', 'Andrea Dodero', 'Daniele Perrone', 'Sonia Ammar', 'Manuela Tasciotti', 'Zakaria Hamza', 'Dea Lanzaro', 'Adolfo Margiotta', 'Niccolò Senni', 'Bruno Bilotta', 'Alessandro Press', 'Niccolò Fava', 'Alessandro Xavier De Silva', 'Adriano Sabrie', 'Valerio Da Silva', 'Gian Piero Rotoli', 'Isabella Delle Monache', 'Salvatore Ruocco', 'Daniele Ornatelli', 'Luigi Catani', 'Giovanni Trombetta', 'Gianluigi Scilla', 'Danilo Capuzi', 'Giovanni Scotti', 'Marta Zoffoli', 'Marco Giuliani', 'Simona Distefano', 'Mauro Cremonini', 'Arcangelo Iannace', 'Beatrice Aiello', 'Agostino Chiummariello', 'Mariarosaria Mingione', 'Marco Cicalese', 'Diego Riace', 'Lucia Zotti', 'Cristiano Pittarello', 'Melissa Leo']"
Players,61.29,"['Romance', 'Comedy']","['Gina Rodriguez', 'Damon Wayans Jr.', 'Tom Ellis', 'Augustus Prew', 'Joel Courtney', 'Liza Koshy', 'Jerry Kernion', 'Ego Nwodim', 'Marin Hinkle', ""Brock O'Hurn"", 'Gina Jun', 'Kais Boukthir', 'Sterling Jonatán Williams', 'Darron Jay Morgan', 'Dan Cordle', 'Claudia Maree Mailer', 'George J. Vezina', 'Scottie DiGiacomo', 'Sarah Dacey Charles', 'James Hightower', 'Veraalba Santa', 'Tony Foggia']"
The Painter,67.78,"['Action', 'Thriller']","['Charlie Weber', 'Jon Voight', 'Madison Bailey', 'Max Montesi', 'Marie Avgeropoulos', 'Rryla McIntosh', ""Luisa d'Oliveira"", 'Leah Gibson', 'Jason Gray-Stanford', 'Stephen Lobo', 'Simon Tattersall', 'Ryder Miller', 'Doug Chapman', 'Ashleigh Kearns', 'Marissa Bruchmann', 'Todd Masters', 'Benjamin Jacobson', 'Bobby Stewart']"
The Flash,67.85,"['Action', 'Adventure', 'Science Fiction']","['Ezra Miller', 'Sasha Calle', 'Michael Keaton', 'Michael Shannon', 'Ron Livingston', 'Maribel Verdú', 'Kiersey Clemons', 'Antje Traue', 'Saoirse-Monica Jackson', 'Rudy Mancuso', 'Ed Wade', 'Jeremy Irons', 'Temuera Morrison', 'Sanjeev Bhaskar', 'Sean Rogers', 'Kieran Hodgson', 'Luke Brandon Field', 'Ian Loh', 'Karl Collins', 'Nikolaj Coster-Waldau', 'Poppy Shepherd', 'Nina Barker-Francis', 'Ava Hamada', 'Maurice Chung', 'Florence Wright', 'Bastian Antonio Fuentes', 'Andoni Gracia', 'Alex Hank', 'Miki Muschietti', 'Rebecca Hiller', 'Rob Hunt', 'Jonny Stockwell', 'Michael Byrch', 'Bret Jones', 'Sue Maund', 'Alex Batareanu', 'Andrei Nova', 'Gabriel Constantin', 'Oleg Mirochnikov', 'Katia Elizarova', 'Denis Khoroshko', 'Zsuzsa Magyar', 'Michael Lerman', 'Rosie Ede', 'Andy Muschietti', 'Ellie Rawnsley', 'Greg Lockett', 'Chelsea Leigh Macleod', 'Leslie Soo', 'Freya Evans', 'Sue Moore', 'Lynn Farleigh', 'Martin Pemberton', 'Sarah Lawn', 'David Calvitto', 'Ben Affleck', 'Gal Gadot', 'George Clooney', 'Jason Momoa']"
The OctoGames,58.08,"['Thriller', 'Action', 'Horror']","['Lacy Hartselle', 'Cale Adcock', 'Luv Patel', 'Henry Haggard', 'Allison Shrum', 'Alice Raver', 'Brad Belemjian', 'Patrick Sharn', 'Claire Palmer', 'Sally Harvey Anderson', 'Adam Pietripaoli', 'Ali Thomas', 'Fallon Gyurko']"
Sound of Freedom,80.55,"['Action', 'Drama']","['Jim Caviezel', 'Mira Sorvino', 'Bill Camp', 'Gerardo Taracena', 'Kurt Fuller', 'José Zúñiga', 'Eduardo Verástegui', 'Scott Haze', 'Yessica Borroto Perryman', 'Gary Basaraba', 'Manny Pérez', 'Gustavo Sánchez Parra', 'Javier Godino', 'James Quattrochi', 'Eduardo Gomez Monteverde', 'Gustavo Angarita Jr.', 'Ariel Sierra', 'Kris Avedisian', 'Alejandro Muela', 'Jaime Newball', 'Cristal Aparicio', 'Lucas Ávila', 'Samuel Livingston', 'Valerie Domínguez', 'Jairo Ordóñez', 'Carlos Gutiérrez', 'Hector Lucumi', 'Alina Lozano']"
Johnny Z,50,"['Horror', 'Action', 'Science Fiction']","['Michael Merchant', 'Félix Cortés Rodríguez', 'Jason Delgado', 'David E. McMahon', 'Ellie Church', 'Trey Harrison', 'Wayne W. Johnson', 'Billy Garberina', 'Ron Bonk']"
Parasite,85.1,"['Comedy', 'Thriller', 'Drama']","['Song Kang-ho', 'Lee Sun-kyun', 'Cho Yeo-jeong', 'Choi Woo-shik', 'Park So-dam', 'Lee Jung-eun', 'Jang Hye-jin', 'Park Myung-hoon', 'Jung Ji-so', 'Jung Hyeon-jun', 'Park Keun-rok', 'Jung Yi-seo', 'Cho Jae-myung', 'Jeong Ik-han', 'Kim Kyu-baek', 'Ahn Seong-bong', 'Yoon Young-woo', 'Park Jae-wook', 'Lee Dong-yong', 'Jeon Eun-mi', 'Kim Geon', 'Lee Joo-hyung', 'Lee Ji-hye', 'Kim Bo-ryeong', 'Park Hye-sook', 'Baek Seung-hwan', 'Riccardo Ferraresso', 'Ko Kwan-jae', 'Lee Si-hoon', 'Seo Bok-hyeon', 'Shim Soo-mi', 'Yoon Hye-ree', 'Andreas Fronk', 'Anna Elisabeth Rihlmann', 'Rosie Peralta', 'Shin Seung-min', 'Park Seo-jun', 'Kwak Sin-ae', 'Choi Jeong-hyun', 'Kim Ha-eon', 'Lee Eun-hee', 'Choi Ji-won', 'Park Jae-wan', 'Hwang In-gyeong', 'Kim Yeong-jo', 'Kim Jung-woo', 'Lee Sang-kyung', 'Lee Si-hoo', 'Ahn Jin-sang']"
One Life,77.01,"['Drama', 'History', 'War']","['Anthony Hopkins', 'Johnny Flynn', 'Helena Bonham Carter', 'Jonathan Pryce', 'Romola Garai', 'Alex Sharp', 'Lena Olin', 'Samantha Spiro', 'Adrian Rawlins', 'Marthe Keller', 'Ziggy Heath', 'Tom Glenister', 'Tim Steed', 'Samuel Finzi', 'Matilda Thorpe', 'Ffion Jolly']"
The Voyagers,51.09,"['Fantasy', 'Adventure', 'TV Movie']","['Matteo Schiavone', 'Fabio Bizzarro', 'Andrea Gaia Wlderk', 'Francesca Alice Antonini', 'Fabrizio Gifuni', 'Vanessa Scalera', 'Gianmarco Saurino', 'Federico Tocci']"
Silent Night,63.11,"['Action', 'Crime', 'Thriller', 'Drama']","['Joel Kinnaman', 'Kid Cudi', 'Harold Torres', 'Catalina Sandino Moreno', 'Valeria Santaella', ""Vinny O'Brien"", 'Acoyani Chacon', 'Angeles Woo', 'Alejandro De Los Monteros', ""Robert 'Rock' Galotti"", 'Braulio Iara', 'Alex Briseño', 'Binah Heike Anne Jauand Martínez', 'Bruno Gabriel Moreno Martínez', 'Sebastián Andres León Colmenares', 'Olaf Alejandro Velazquez Uribe', 'Hugo Ramírez', 'Naidelin Landero', 'Armando Said', 'Sara Ovando', 'Enrique del Buey', 'Anthony Giulietti', 'Yoko Hamamura']"
The Exorcism of Hannah Stevenson,60,"['Fantasy', 'Horror']","['Tom Hogan', 'Hannah Rose', 'Edward Gist']"
Monsters 103 Mercies Dragon Damnation,66.85,"['Animation', 'Action', 'Fantasy', 'Adventure']","['Yoshimasa Hosoya', 'Kana Hanazawa', 'Hiroki Touchi', 'Mitsuaki Madono', 'Katsuhito Nomura', 'Takahiro Sumi', 'Masashi Nogawa', 'Tsumugi Ariga', 'Shizuka Ishigami', 'Haruki Ishiya', 'Masamu Ono', 'Yujiro Kakuda', 'Kenji Kimura', 'Masanori Shimizu', 'Taichi Takeda', 'Kohsuke Tanabe', 'Yuji Hashinaka', 'Honoho Hida', 'Koji Marunaka', 'Yu Miyazaki', 'Asaki Yuikawa', 'Risa Yoshinaga', 'Kazuya Nakai']"
Guardians of the Galaxy Vol. 3,79.78,"['Science Fiction', 'Adventure', 'Action']","['Chris Pratt', 'Zoe Saldaña', 'Dave Bautista', 'Karen Gillan', 'Pom Klementieff', 'Vin Diesel', 'Bradley Cooper', 'Sean Gunn', 'Chukwudi Iwuji', 'Will Poulter', 'Maria Bakalova', 'Elizabeth Debicki', 'Sylvester Stallone', 'Austin Freeman', 'Stephen Blackehart', 'Terence Rosemore', 'Sarah Alami', 'Jasmine Munoz', 'Giovannie Cruz', 'Nico Santos', 'Miriam Shor', 'Noa Raskin', 'Linda Cardellini', 'Asim Chaudhry', 'Mikaela Hoover', 'Judy Greer', 'Reinaldo Faberlle', 'Tara Strong', 'Jared Leland Gore', 'Michael Rosenbaum', 'Elan Gale', 'Molly C. Quinn', 'Gerardo Davila', 'Dee Bradley Baker', 'Hanna Pak', 'Jennifer Holland', 'Nathan Fillion', 'Kyle Mclean', 'Benjamin Byron Davis', 'Tiffany Smith', 'Joe Daru', 'Daniela Melchior', 'Jonathan Mercedes', 'Jonathan Fritschi', 'Diego Ward', 'Max Bickelhaup', 'Renae Moneymaker', 'Alexis Hadesty', 'Tara Warren', 'Candi VandiZandi', 'Grecia Balboa', 'Caleb Spillyards', 'Darla Delgado', 'Michelle Civile', 'Ken Lyle', 'Elodie Clarke', 'John William Wright', 'Autumn Griffin', 'Skylar Huntley', 'Randy Havens', 'Dane DiLiegro', 'Kai Zen', 'Sarah Anne', 'Yael Ocasio', 'Adelynn Spoon', 'Henry Heffernan', 'Brooklyn Skye Oliver', 'Scarlett Blum', 'Baby Dro', 'Emery Grilliot', 'Amelia Waters', 'Lloyd Kaufman', 'Seth Green', 'Christopher Fairbank', 'Rhett Miller', 'Natalia Safran', 'Murphy Weed', 'Michael Rooker', 'James Gunn', 'Pete Davidson', 'Jessica Fontaine', 'Karen Abercrombie', 'Gregg Henry', 'Adriana Leonard', 'Bonnie Discepolo', 'Clare Grant', 'Grace Gunn', 'Will Gunn', 'Brandon Morales']"
